IDENTIFICADOR,GRUPO,DISPOSITIVO,TIPO,OBJETIVO2,Tipo_bloqueo,NOMBRE NETWITNESS,RESPONSABLE,Monitoreo,status2,Fecha alta/ajuste,Fecha puesta en produccion,MITRE ATT&CK,D3FEND_EXCLUIDO,D3FEND_INFERIDO,Severidad,Escalamiento,ENVIO.HO,FUENTES,Fecha ultima validacion,Habilitado,Motivo deshabilitacion,Comentarios,Regla completa,Descripcion funcional
[AUT][Public IP]CU046_Possible_external_brute_force,CITRIX_ADC,CITRIX-NETSCALER,P.Perimetral,Identificar mas de 4 login fallidos desde distinta zona geográfica en menos de 30 min con un mismo usuario,Automático,[AUT][Public IP]CU046_Possible_external_brute_force,,,Producción,,2023-01-01,"T1110 - Brute Force, T1110.001 - Password Guessing",D3-AEM - Application Exception Monitoring; D3-APM - Application Performance Monitoring; D3-CCSA - Credential Compromise Scope Analysis,D3-OPM - Operational Process Monitoring; D3-PM - Platform Monitoring; D3-UBA - User Behavior Analysis,High,AUT,Sí,citrixns,,Si,,,"module Module_CU46_RL_SPSM_CITRIX_NETSCALER;

	
    
    @Name('[AUT][Public IP]CU046_Possible_external_brute_force')
    @Description('Multiple failed login attempts for the same user preceded in multiple countries VPN-v1.0')
    @RSAAlert(oneInSeconds=0)

    SELECT * FROM Event(
			/* Login Failed */
			(
			device_type.toLowerCase() IN ( 'citrixns' ) 
		 AND

 ec_theme.toLowerCase() IN ( 'authentication' ) 
			AND ec_outcome.toLowerCase() IN ( 'failure' ) 
			AND user_dst IS NOT NULL
                        AND isOneOfIgnoreCase(direction,{ 'inbound' })
			AND country_src IS NOT NULL
			)
        
		)
    
	.std:groupwin(user_dst)
    .win:time_length_batch(30 Minutes, 5)
    GROUP BY user_dst 
    HAVING COUNT(distinct country_src) >= 5;","Title: login fallido por usuario vs Tiempo-Localización
description: ""Identificar mas de 4 login fallidos desde distinta zona geográfica en menos de 30 min con un mismo usuario""
author: ""SOC ICBC""
status: Testing
date: 2021/02/23
tags:
- attack.credential_access
- attack.brute_force
- attack.TA0006
- attack.TA1110"
[AUT][Public IP]CU087_Trojan_Backdoor_Spyware_from same IP,WEB,F5-ASM,P.Perimetral,Detección de un escenario de distintos tipos de malwares registrados por el ASM en un corto lapso.,Automático,[AUT][Public IP]CU087_Trojan_Backdoor_Spyware_from same IP,,,Producción,,2023-01-01,T1190 - Exploit Public-Facing Application,,D3-APCA - Application Protocol Command Analysis; D3-CSPP - Client-server Payload Profiling; D3-DQSA - Database Query String Analysis; D3-ISVA - Inbound Session Volume Analysis; D3-NTCD - Network Traffic Community Deviation; D3-NTSA - Network Traffic Signature Analysis; D3-PHDURA - Per Host Download-Upload Ratio Analysis; D3-PMAD - Protocol Metadata Anomaly Detection; D3-RTSD - Remote Terminal Session Detection; D3-UBA - User Behavior Analysis; D3-UGLPA - User Geolocation Logon Pattern Analysis,Medium,Otro,Sí,f5_asm,,Si,,,"module CU087_NEW_Trojan_Backdoor_Spyware_from_same_IP;
        
@Name('[AUT][Public IP]CU087_Trojan_Backdoor_Spyware_from same IP')       
@RSAAlert(oneInSeconds=300, identifiers={""ip_src""})

SELECT * FROM Event(
    device_type.toLowerCase() = 'f5_asm'
    AND (ip_src_type IS NULL OR ip_src_type.toLowerCase() NOT IN ('ip whitelist', 'whitelist', 'ip private'))
    AND (org_src.toLowerCase() NOT IN ( 'microsoft corporation' ))
    AND event_type.toLowerCase() IN ( 'trojan\/backdoor\/spyware' )
    AND ip_src IS NOT NULL
    AND ip_src NOT IN ( '138.255.82.5' ))

.std:groupwin(ip_src)
.win:time_length_batch(5 Minutes, 2)
GROUP BY ip_src
HAVING COUNT(*) >= 2;",
[AUT][Public IP]CU102_WAF_Successful_Connection_from_Alerted-IOC_IP,WEB,F5-ASM,P.Perimetral,"Detección de conexiones exitosas desde IPs marcadas como ""alerted"" desde el WAF o marcadas como IOC por NW.",Automático,[AUT][Public IP]CU102_WAF_Successful_Connection_from_Alerted-IOC_IP,ICBC,,Producción,,2024-04-25,T1190 - Exploit Public-Facing Application,D3-APCA - Application Protocol Command Analysis; D3-CSPP - Client-server Payload Profiling; D3-DQSA - Database Query String Analysis; D3-NTCD - Network Traffic Community Deviation; D3-PA - Process Analysis; D3-PHDURA - Per Host Download-Upload Ratio Analysis; D3-RTSD - Remote Terminal Session Detection; D3-UBA - User Behavior Analysis; D3-UGLPA - User Geolocation Logon Pattern Analysis,D3-ISVA - Inbound Session Volume Analysis; D3-NTSA - Network Traffic Signature Analysis; D3-PMAD - Protocol Metadata Anomaly Detection,High,AUT,Sí,f5_asm,2026-07-06,Si,,,"module CU102_WAF_Successful_Connection_from_Alerted_IOC_IP;

@Name('[AUT][Public IP]CU102_WAF_Successful_Connection_from_Alerted-IOC_IP')
@RSAAlert(oneInSeconds=43200, identifiers={""ip_src""})

SELECT * FROM Event(
	device_type.toLowerCase() = 'f5_asm'
        AND (ip_src_type IS NULL OR ip_src_type.toLowerCase() NOT IN ('ip whitelist', 'whitelist', 'ip private'))
        AND (org_src.toLowerCase() NOT IN ( 'microsoft corporation' ))
        AND isOneOfIgnoreCase(action,{'alerted'})
        AND result_code = '200'
	AND ioc IS NOT NULL
	AND ip_src IS NOT NULL AND stransipv4 IS NULL
)
.std:groupwin(ip_src)
.win:time_length_batch(25 Minutes, 10)
GROUP BY ip_src
HAVING COUNT(*) > 11",Detecta conexiones exitosas desde IPs marcadas como alertadas desde el WAF o marcadas como IOC por NW.
[AUT][Public IP]CU103_Multiple_rsp_codes_4xx_5xx,WEB,F5-ASM,P.Perimetral,Detección de multiples respuestas 4xx y 5xx,,[AUT][Public IP]CU103_Multiple_rsp_codes_4xx_5xx,ICBC,1 alerta cada 5 mintos cada 45 eventos de ips_src,Producción,2024-06-11,2024-07-08,"T1083 - File and Directory Discovery, T1190 - Exploit Public-Facing Application, T1592 - Gather Victim Host Information, T1595 - Active Scanning, T1595.002 - Vulnerability Scanning",,D3-APCA - Application Protocol Command Analysis; D3-CSPP - Client-server Payload Profiling; D3-DQSA - Database Query String Analysis; D3-FCOA - File Content Analysis; D3-FCR - File Content Rules; D3-FH - File Hashing; D3-FIM - File Integrity Monitoring; D3-ISVA - Inbound Session Volume Analysis; D3-NTCD - Network Traffic Community Deviation; D3-NTSA - Network Traffic Signature Analysis; D3-PHDURA - Per Host Download-Upload Ratio Analysis; D3-PM - Platform Monitoring; D3-PMAD - Protocol Metadata Anomaly Detection; D3-RTSD - Remote Terminal Session Detection; D3-UBA - User Behavior Analysis; D3-UGLPA - User Geolocation Logon Pattern Analysis,High,AUT,,,,Si,,,"module CU103_Multiple_rsp_codes_4xx_5xx;
        
@Name('[AUT][Public IP]CU103_Multiple_rsp_codes_4xx_5xx')       
@RSAAlert(oneInSeconds=300, identifiers={ ""ip_src""})

SELECT * FROM Event(
    device_type.toLowerCase() = 'f5_asm'

    AND (ip_src_type IS NULL OR ip_src_type.toLowerCase() NOT IN ('ip whitelist', 'whitelist', 'ip private'))
    AND (org_src.toLowerCase() NOT IN ( 'microsoft corporation' ))

    AND web_page.toLowerCase() NOT LIKE '%/accstatic/%'
    AND web_page.toLowerCase() NOT LIKE '%fonts%'
    AND web_page.toLowerCase() NOT LIKE '%bkb%'
    AND web_page.toLowerCase() NOT LIKE '%.woff%'
    AND web_page.toLowerCase() NOT LIKE '%.ttf%'

    AND ip_src IS NOT NULL AND stransipv4 IS NULL

    AND (domain_src IS NULL OR domain_src.toLowerCase() NOT LIKE 'google.com' )

    AND (
        result_code REGEXP '4[0-9]{2}'
        OR
        result_code REGEXP '5[0-9]{2}'
    )
)
.std:groupwin(ip_src)
.win:time_length_batch(3 Minutes, 45)
GROUP BY ip_src
HAVING COUNT(CASE WHEN result_code REGEXP '4[0-9]{2}' THEN 1 END) >= 45
OR COUNT(CASE WHEN result_code REGEXP '5[0-9]{2}' THEN 1 END) >= 20;","action: global
title: 'Multiple response codes 4XX y 5XX  '

status: Producción

description: 'Detección de posible actividad de explotación'
author: SOC-ICBC_KC
date_testing: 2024/06/11
date_prod: 2024/07/08
Last_Update: 2024/07/10 -KC se agrego excepción para whitelist"
[AUT][Public IP]CU105_Waf_Try_path_exec_Alert,WEB,F5-ASM,P.Perimetral,Detección de posible exploración XLM,,[AUT][Public IP]CU105_Waf_Try_path_exec_Alert,Icbc,"Actor de interes ip_src, busca 20 ocurrencias en 3 minutos",Producción,,2024-07-23,"T1059 - Command and Scripting Interpreter, T1190 - Exploit Public-Facing Application",,D3-APCA - Application Protocol Command Analysis; D3-CSPP - Client-server Payload Profiling; D3-DA - Dynamic Analysis; D3-DQSA - Database Query String Analysis; D3-EFA - Emulated File Analysis; D3-FCOA - File Content Analysis; D3-FCR - File Content Rules; D3-FH - File Hashing; D3-FIM - File Integrity Monitoring; D3-ISVA - Inbound Session Volume Analysis; D3-NTCD - Network Traffic Community Deviation; D3-NTSA - Network Traffic Signature Analysis; D3-PHDURA - Per Host Download-Upload Ratio Analysis; D3-PM - Platform Monitoring; D3-PMAD - Protocol Metadata Anomaly Detection; D3-RTSD - Remote Terminal Session Detection; D3-UBA - User Behavior Analysis; D3-UGLPA - User Geolocation Logon Pattern Analysis,High,,,f5_asm,,Si,,,"module CU105_WAF_Try_path_exec;

@Name('[AUT][Public IP]CU105_WAF_Try_path_exec')
@RSAAlert(oneInSeconds=300, identifiers={ ""ip_src""})

SELECT * FROM Event(
    device_type.toLowerCase() = 'f5_asm'
    AND (ip_src_type IS NULL OR ip_src_type.toLowerCase() NOT IN ('ip whitelist', 'whitelist', 'ip private'))
    AND (org_src.toLowerCase() NOT IN ( 'microsoft corporation' ))
    
    AND ip_src IS NOT NULL AND stransipv4 IS NULL

    AND (
        result_code = '200'
        OR
        result_code = '0'
    )

    AND NOT (
    web_page.toLowerCase() LIKE '%/accstatic/%'
    OR
    web_page.toLowerCase() LIKE '%/internet/mtk/%'
    OR
    web_page.toLowerCase() LIKE '%fonts%'
    OR
    web_page.toLowerCase() LIKE '%bkb%'
    OR
    web_page.toLowerCase() LIKE '%/digital/contenthandler/%'
    OR
    web_page.toLowerCase() LIKE '%/common-resources/%'
    OR
    web_page.toLowerCase() LIKE '%transferencia%'
    OR
    web_page.toLowerCase() LIKE '%personas%'
    OR
    event_desc LIKE '%Unix/Linux \""ftp\"" execution attempt (Parameter)%'
    OR
    ip_src IS NULL
    OR
    web_page.toLowerCase() LIKE '%.do%'
    OR
    web_page.toLowerCase() LIKE '%.woff%'
    OR
    web_page.toLowerCase() LIKE '%.ttf%'
    OR
    web_page.toLowerCase() LIKE '%.xml'
    OR
    web_page.toLowerCase() LIKE '%.gif'
    OR
    web_page.toLowerCase() LIKE '%.jpg'
    OR
    web_page.toLowerCase() LIKE '%.png'
    OR
    web_page.toLowerCase() LIKE '%.css'
    OR
    web_page.toLowerCase() LIKE '%.js'
    OR
    web_page.toLowerCase() LIKE '%empresas%'
    OR
    web_page.toLowerCase() LIKE '%institucional%'
    )

)
.std:groupwin(ip_src)
.win:time_length_batch(3 Minutes, 40)
GROUP BY ip_src
HAVING COUNT(*) > 39;","action: global
title: '[AUT]CU105_WAF_Try_path_exec'

status: Producción

description: 'Detección de Possible xml discover'
author: SOC-ICBC_KC
date_testing: 2024/06/17"
[AUT][Public IP]CU115_Multiples_Detections_IPS_Checkpoint,FIREWALLS,Checkpoint,P.Perimetral,Alertar cuando existen multiples detecciones de IPS para una misma IP en checkpoint,,[AUT][Public IP]CU115_Multiples_Detections_IPS_Checkpoint,ICBC,"Actor de interés ip.src, umbral 10 detecciones en 5 minutos",Producción,,2025-01-02,"T1046 - Network Service Discovery, T1190 - Exploit Public-Facing Application, T1499 - Endpoint Denial of Service, T1590 - Gather Victim Network Information, T1592 - Gather Victim Host Information, T1595 - Active Scanning",D3-UBA - User Behavior Analysis,D3-APCA - Application Protocol Command Analysis; D3-CSPP - Client-server Payload Profiling; D3-DQSA - Database Query String Analysis; D3-ISVA - Inbound Session Volume Analysis; D3-NTCD - Network Traffic Community Deviation; D3-NTSA - Network Traffic Signature Analysis; D3-PHDURA - Per Host Download-Upload Ratio Analysis; D3-PMAD - Protocol Metadata Anomaly Detection; D3-RTSD - Remote Terminal Session Detection; D3-UGLPA - User Geolocation Logon Pattern Analysis,High,,,Checkpointfw1,,Si,,,,
[AUT][Public IP]CU120_WAF_Detection_Bash_Usage_F5_SDK_URLs,WEB,F5-ASM,P.Perimetral,detectar la utilización de bash a través del sdk del f5 o a través de alguna URL de los sitios que monitorea el ASM,,[AUT][Public IP]CU120_WAF_Detection_Bash_Usage_F5_SDK_URLs,NOVA,Actor de interes ip_src,Producción,,2025-03-05,"T1059.004 - Unix Shell, T1190 - Exploit Public-Facing Application",,D3-APCA - Application Protocol Command Analysis; D3-CSPP - Client-server Payload Profiling; D3-DQSA - Database Query String Analysis; D3-ISVA - Inbound Session Volume Analysis; D3-NTCD - Network Traffic Community Deviation; D3-NTSA - Network Traffic Signature Analysis; D3-PHDURA - Per Host Download-Upload Ratio Analysis; D3-PMAD - Protocol Metadata Anomaly Detection; D3-RTSD - Remote Terminal Session Detection; D3-UBA - User Behavior Analysis; D3-UGLPA - User Geolocation Logon Pattern Analysis,Medium,,,Checkpointfw1; f5_asm,,Si,,,"module CU120_WAF_Detection_Bash_Usage_F5_SDK_URLs;

@Name('[AUT][Public IP]CU120_WAF_Detection_Bash_Usage_F5_SDK_URLs')
@RSAAlert(oneInSeconds=3600, identifiers={""ip_src""})
SELECT * FROM 
	Event (
			nsoc_id IS NOT NULL AND (org_src.toLowerCase() NOT IN ( 'microsoft corporation' )) AND stransipv4 IS NOT NULL
			AND
			nsoc_id.toLowerCase() = 'nsoc2008'
);",Detectar explotación SDK F5 y comando bash
[AUT][Public IP]CU129_Checkpoint_IPS_Detections_with_IOC,FIREWALLS,Checkpoint,P.Perimetral,"Detecta múltiples eventos de prevención (IPS) generados por dispositivos Check Point desde una misma IP de origen en un corto periodo de tiempo, todos asociados a indicadores de compromiso (IOC). Mapea con MITRE ATT&CK T1595 - Active Scanning.",,[AUT][Public IP]CU129_Checkpoint_IPS_Detections_with_IOC,ICBC,"Ip.src, 3 ventos en 5 minutos",Producción,2025-05-01,2025-05-06,"T1133 - External Remote Services, T1190 - Exploit Public-Facing Application, T1583 - Acquire Infrastructure, T1587.001 - Malware, T1588 - Obtain Capabilities, T1588.002 - Tool, T1595 - Active Scanning",,D3-APCA - Application Protocol Command Analysis; D3-CSPP - Client-server Payload Profiling; D3-DQSA - Database Query String Analysis; D3-ISVA - Inbound Session Volume Analysis; D3-NTCD - Network Traffic Community Deviation; D3-NTSA - Network Traffic Signature Analysis; D3-PHDURA - Per Host Download-Upload Ratio Analysis; D3-PMAD - Protocol Metadata Anomaly Detection; D3-RTSD - Remote Terminal Session Detection; D3-UBA - User Behavior Analysis; D3-UGLPA - User Geolocation Logon Pattern Analysis,Medium,,,Checkpointfw1,,Si,,,"module CU129_Checkpoint_IPS_Detections_with_IOC;
@Name('[AUT][Public IP]CU129_Checkpoint_IPS_Detections_with_IOC')
@RSAAlert(oneInSeconds=3600, identifiers={ ""ip_src"" })


SELECT * FROM Event (
        (ip_src_type IS NULL OR ip_src_type.toLowerCase() NOT IN ('ip whitelist', 'whitelist', 'ip private'))
        AND (org_src.toLowerCase() NOT IN ( 'microsoft corporation' ))
        AND
        device_class.toLowerCase()  = 'firewall'
        AND
        isOneOfIgnoreCase(alias_host,{ 'cn\\=f-mtz-sf1-web-cp','cn\\=f-sky-drp-web-cp' }) 
        AND
        event_type.toLowerCase() IN ( 'ips', 'detect' ) 
        AND
        ioc IS NOT NULL
        AND (alert IS NULL OR isNotOneOfIgnoreCase(alert,{  'useragent anormal' }))
      
    )
    .std:groupwin(ip_src)
    .win:time_length_batch(5 minutes, 3)
GROUP BY ip_src
HAVING count(*) >= 3;","Detecta múltiples eventos de prevención (IPS) generados por dispositivos Check Point desde una misma IP de origen en un corto periodo de tiempo, todos asociados a indicadores de compromiso (IOC). Mapea con MITRE ATT&CK T1595 - Active Scanning."
[AUT][Public IP]CU131_Abnormal_UserAgent_Detection,FIREWALLS,Checkpoint,P.Perimetral,"Detecta accesos con User-Agent inusuales o potencialmente maliciosos que no corresponden a navegadores legítimos o aplicaciones autorizadas, lo que puede indicar herramientas automatizadas, escáneres o actividad de reconocimiento previa a una intrusión",,[AUT][Public IP]CU131_Abnormal_UserAgent_Detection,ICBC,Actor de interes alert('useragent anormal'),Producción,2025-05-12,2025-05-22,"T1071.001 - Web Protocols, T1190 - Exploit Public-Facing Application, T1583.006 - Web Services, T1595.001 - Scanning IP Blocks",,D3-ACA - Active Certificate Analysis; D3-APCA - Application Protocol Command Analysis; D3-CA - Certificate Analysis; D3-CSPP - Client-server Payload Profiling; D3-DQSA - Database Query String Analysis; D3-FCOA - File Content Analysis; D3-FCR - File Content Rules; D3-FH - File Hashing; D3-FIM - File Integrity Monitoring; D3-ISVA - Inbound Session Volume Analysis; D3-NTCD - Network Traffic Community Deviation; D3-NTSA - Network Traffic Signature Analysis; D3-PCA - Passive Certificate Analysis; D3-PHDURA - Per Host Download-Upload Ratio Analysis; D3-PM - Platform Monitoring; D3-PMAD - Protocol Metadata Anomaly Detection; D3-RPA - Relay Pattern Analysis; D3-RTSD - Remote Terminal Session Detection; D3-UBA - User Behavior Analysis; D3-UGLPA - User Geolocation Logon Pattern Analysis,High,AUT,,,,Si,,,"module CU131_Abnormal_UserAgent_Detection;

@Name('[AUT][Public IP]CU131_Abnormal_UserAgent_Detection')
@Description('Detecta accesos con User-Agent inusuales o potencialmente maliciosos que no corresponden a navegadores legítimos o aplicaciones autorizadas, lo que puede indicar herramientas automatizadas, escáneres o actividad de reconocimiento previa a una intrusión.')
@RSAAlert(oneInSeconds=3600, identifiers={""ip_src""})

SELECT * FROM Event(
    device_type.toLowerCase() IN ('f5_asm','checkpointfw1')
    AND (ip_src_type IS NULL OR ip_src_type.toLowerCase() NOT IN ('ip whitelist', 'whitelist', 'ip private'))
    AND (isOneOfIgnoreCase(alias_host,{ 'cn\\=f-mtz-sf1-web-cp','cn\\=f-sky-drp-web-cp','a-sky-drp-bigip-web.ardp.local'}))
    AND (org_src.toLowerCase() NOT IN ( 'microsoft corporation' ))
    AND (isOneOfIgnoreCase(alert,{ 'useragent anormal' }))
    AND ip_src IS NOT NULL AND stransipv4 IS NULL
    
);","Descripción:
Detecta accesos con User-Agent inusuales o potencialmente maliciosos que no corresponden a navegadores legítimos o aplicaciones autorizadas, lo que puede indicar herramientas automatizadas, escáneres o actividad de reconocimiento previa a una intrusión.

MITRE ATT&CK:

T1071.001 – Application Layer Protocol: Web Protocols

T1583.006 – Acquire Infrastructure: Web Services

T1595.001 – Active Scanning: Web Application Scanning"
[AUT][Public IP]CU137_Checkpoint_Drop-Detect-ips_conection_with_IOC,FIREWALLS,Checkpoint,P.Perimetral,"Detectar 10 o más eventos (drop/detect/IPS) de CheckPoint en 8 min desde una misma IP con catalogada con IOC, indicando posible escaneo o intento de explotación. MITRE T1046, T1595, T1190 | D3FEND D3-IPR, D3-NIP, D3-NTF, D3-NTA.",,[AUT][Public IP]CU137_Checkpoint_Drop-Detect-ips_conection_with_IOC,ICBC,,Producción,2025-10-07,2025-10-13,"T1046 - Network Service Discovery, T1071 - Application Layer Protocol, T1190 - Exploit Public-Facing Application, T1595 - Active Scanning",,D3-ACA - Active Certificate Analysis; D3-APCA - Application Protocol Command Analysis; D3-CA - Certificate Analysis; D3-CSPP - Client-server Payload Profiling; D3-DQSA - Database Query String Analysis; D3-FCOA - File Content Analysis; D3-FCR - File Content Rules; D3-FH - File Hashing; D3-FIM - File Integrity Monitoring; D3-ISVA - Inbound Session Volume Analysis; D3-NTCD - Network Traffic Community Deviation; D3-NTSA - Network Traffic Signature Analysis; D3-PCA - Passive Certificate Analysis; D3-PHDURA - Per Host Download-Upload Ratio Analysis; D3-PM - Platform Monitoring; D3-PMAD - Protocol Metadata Anomaly Detection; D3-RPA - Relay Pattern Analysis; D3-RTSD - Remote Terminal Session Detection; D3-UBA - User Behavior Analysis; D3-UGLPA - User Geolocation Logon Pattern Analysis,High,,,Checkpointfw1,,Si,,,"module CU137_Checkpoint_Drop_Detect_ips_conection_with_IOC;

@Name('[AUT][Public IP]CU137_Checkpoint_Drop-Detect-ips_conection_with_IOC')
@RSAAlert(oneInSeconds=3600, identifiers={ ""ip_src"" })


SELECT * FROM Event (
    (ip_src_type IS NULL OR ip_src_type.toLowerCase() NOT IN ('ip whitelist', 'whitelist', 'ip private'))
    AND
    (org_src IS NULL OR org_src.toLowerCase() NOT IN ( 'microsoft corporation' ))

    AND
    device_class.toLowerCase()  = 'firewall'
    AND
    isOneOfIgnoreCase(alias_host,{ 'cn\\=f-mtz-sf1-web-cp','cn\\=f-sky-drp-web-cp' })
    AND
    event_type.toLowerCase() IN ( 'drop' , 'detect' , 'ips' )
    AND
    ioc IS NOT NULL


    )

.std:groupwin(ip_src)
.win:time_length_batch(8 minutes, 30)
GROUP BY ip_src
HAVING count(*) >= 10;","Detectar 10 o más eventos (drop/detect/IPS) de CheckPoint en 8 min desde una misma IP con catalogada con IOC, indicando posible escaneo o intento de explotación. MITRE T1046, T1595, T1190 | D3FEND D3-IPR, D3-NIP, D3-NTF, D3-NTA"
[AUT][Public IP]CU138_F5_iControl_REST_Suspicious_Access,WEB,F5-ASM,P.Perimetral,Detecta accesos HTTP hacia /mgmt (iControl REST) en F5 desde IPs no internas (whitelist/private).,,[AUT][Public IP]CU138_F5_iControl_REST_Suspicious_Access,ICBC,"actor de interes: ip.src, web.page",Producción,2025-10-17,2025-10-17,"T1190 - Exploit Public-Facing Application, T1595.002 - Vulnerability Scanning",,D3-APCA - Application Protocol Command Analysis; D3-CSPP - Client-server Payload Profiling; D3-DQSA - Database Query String Analysis; D3-ISVA - Inbound Session Volume Analysis; D3-NTCD - Network Traffic Community Deviation; D3-NTSA - Network Traffic Signature Analysis; D3-PHDURA - Per Host Download-Upload Ratio Analysis; D3-PMAD - Protocol Metadata Anomaly Detection; D3-RTSD - Remote Terminal Session Detection; D3-UBA - User Behavior Analysis; D3-UGLPA - User Geolocation Logon Pattern Analysis,High,,,,,Si,,,"module CU138_F5_iControl_REST_Suspicious_Access;

@Name('[AUT][Public IP]CU138_F5_iControl_REST_Suspicious_Access')
@Description('Detecta accesos HTTP hacia /mgmt (iControl REST) en F5 desde IPs no internas (whitelist/private). MITRE T1190.')
@RSAAlert(oneInSeconds=900, identifiers={""ip_src""})

SELECT * FROM Event(
    device_type.toLowerCase() = 'f5_asm'
    AND (ip_src_type IS NULL OR ip_src_type.toLowerCase() NOT IN ('ip whitelist','whitelist','ip private'))
    AND (org_src IS NULL OR org_src.toLowerCase() NOT IN ('microsoft corporation'))
    AND (isOneOfIgnoreCase(direction,{ 'inbound' }))
    AND web_page IS NOT NULL
    AND web_page.toLowerCase() LIKE '%/mgmt%'

)
.std:groupwin(ip_src)
.win:time_length_batch(10 Minutes, 50)
GROUP BY ip_src
HAVING COUNT(*) >= 2;","Detecta accesos HTTP hacia /mgmt (iControl REST) en F5 desde IPs no internas (whitelist/private). 
MITRE T1190.
D3-NTA, D3-NTSA, D3-UA"
[AUT][Public IP]CU139_CHECKPOINT_iControl_REST_Suspicious_Access,FIREWALLS,Checkpoint,P.Perimetral,Detecta accesos HTTP hacia /mgmt (iControl REST) desde IPs no internas (whitelist/private).,,[AUT][Public IP]CU139_CHECKPOINT_iControl_REST_Suspicious_Access,ICBC,"actor de interes: ip.src, url",Producción,2025-10-17,2025-10-17,T1190 - Exploit Public-Facing Application,,D3-APCA - Application Protocol Command Analysis; D3-CSPP - Client-server Payload Profiling; D3-DQSA - Database Query String Analysis; D3-ISVA - Inbound Session Volume Analysis; D3-NTCD - Network Traffic Community Deviation; D3-NTSA - Network Traffic Signature Analysis; D3-PHDURA - Per Host Download-Upload Ratio Analysis; D3-PMAD - Protocol Metadata Anomaly Detection; D3-RTSD - Remote Terminal Session Detection; D3-UBA - User Behavior Analysis; D3-UGLPA - User Geolocation Logon Pattern Analysis,High,AUT,,,,Si,,,"module CU139_Checkpoint_iControl_REST_Suspicious_Access;

@Name('[AUT][Public IP]CU139_Checkpoint_iControl_REST_Suspicious_Access')
@Description('Detecta accesos HTTP hacia /mgmt (iControl REST) desde IPs no internas (whitelist/private). MITRE T1190.')
@RSAAlert(oneInSeconds=900, identifiers={ ""ip_src"" })


SELECT * FROM Event (
        (ip_src_type IS NULL OR ip_src_type.toLowerCase() NOT IN ('ip whitelist', 'whitelist', 'ip private'))
        AND (org_src.toLowerCase() NOT IN ( 'microsoft corporation' ))
        AND
        device_class.toLowerCase()  = 'firewall'
        AND
        isOneOfIgnoreCase(alias_host,{ 'cn\\=f-mtz-sf1-web-cp','cn\\=f-sky-drp-web-cp' }) 
        AND
        (url.toLowerCase() LIKE '%/mgmt%')  
    )
    .std:groupwin(ip_src)
    .win:time_length_batch(10 minutes, 50)
GROUP BY ip_src
HAVING count(*) >= 2;","Detecta accesos HTTP hacia /mgmt (iControl REST) desde IPs no internas (whitelist/private). 
MITRE T1190.
D3-NTA, D3-NTSA, D3-UA"
CU001_Unhandled_Threat,ENDPOINTS,ANTIVIRUS,P.Interna,"Detectar cuando existe un evento en donde ambos status de accion es ""Error"" y adicionalmente corrobora ""threat.handled=false""",,CU001_Unhandled_Threat,ICBC-NOVA,Evaluar,Producción,,2023-01-01,T1588.001 - Malware,,,High,IRT,Sí,,,Si,,,"module Module_Unhandled_Threat;

        @Name('Module_Unhandled_Threat')
        @Description('')
        @RSAAlert(oneInSeconds=0)

        SELECT * FROM Event(
          	first_status.toLowerCase() IN ( 'error' ) 
			AND 
			second_status.toLowerCase() IN ( 'error' ) 
			AND 
			threat_handled.toLowerCase() IN ( 'false' )
                        AND
                        (context IS  NULL  OR  isNotOneOfIgnoreCase(context,{ 'local user administrator' }))
                    
                     
        );","Detecta cuando existe un evento en donde ambos status de accion son ""Error"" (primera accion y segunda accion) y en donde adicionalmente tenemos un metadato ""threat.handled=false"""
CU005_Vertical_Port_Scan,FIREWALLS,CHECKPOINT-NETSCREEN,P.Perimetral,Detección de escaneo vertical con intenciones de reconocimiento hacia un rango de IP para un sólo puerto,,CU005_Vertical_Port_Scan,,,Producción,,2020-09-11,"T1046 - Network Service Discovery, T1595 - Active Scanning",,,Medium,IRT,Sí,,,Si,,,"module CU005_RL_MPSM_FIREWALL_v01;

@Name('CU005_RL_MPSM_FIREWALL_v01_Alert')

@RSAAlert(oneInSeconds=300, identifiers={""ip_src"", ""ip_dst""})


SELECT * FROM 
	Event (
                (ip_src_type IS NULL OR ip_src_type.toLowerCase() NOT IN ('ip whitelist', 'whitelist', 'ip private'))
                AND
                device_class.toLowerCase()  = 'firewall'
		AND 
                (isOneOfIgnoreCase(direction,{ 'inbound' }))
		AND
		ip_srcport NOT IN ( 53 )
		AND
		ip_src IS NOT NULL
		AND
		ip_dst IS NOT NULL
		AND
		ip_dstport IS NOT NULL
	).std:groupwin(ip_src, ip_dst)
		.std:unique(ip_dstport)
		.win:time(5 minutes)
		GROUP BY ip_src, ip_dst 
		HAVING count(ip_dstport) = 20
	;","title: 'Escaneo vertical detectado'
id: ae2ef3bf-6118-464b-bb5d-9ce3e722b1cb
status: testing
description:  'Detección de escaneo horizontal con intenciones de reconocimiento hacia un rango de puertos conocidos para una misma IP'
author: SOC-ICBC
date: 2020/09/11
tags:
- attack.descubrimiento
- attack.escaneo_de_servicios_de_red
- attack.ta0007
- attack.t1046
- rl.mpms.firewall.juniper"
CU006_Horizontal_Port_Scan,FIREWALLS,CHECKPOINT-NETSCREEN,P.Perimetral,Detección de escaneo horizontal con intenciones de reconocimiento hacia un rango de puertos conocidos para una misma IP,,CU006_Horizontal_Port_Scan,,,Producción,,2020-09-16,"T1046 - Network Service Discovery, T1595 - Active Scanning",,,Medium,IRT,Sí,,,Si,,,"module CU006_RL_MPSM_FIREWALL_v01;

@Name('CU006_RL_MPSM_FIREWALL_v01_Alert')

@RSAAlert(oneInSeconds=${module_suppress?c}, identifiers={""ip_src""})

<#if module_debug>@Audit('stream')</#if>

SELECT * FROM 
	Event (

                (ip_src_type IS NULL OR ip_src_type.toLowerCase() NOT IN ('ip whitelist', 'whitelist', 'ip private'))
                AND
                device_class.toLowerCase()  = 'firewall'
		AND 
                (isOneOfIgnoreCase(direction,{ 'inbound' }))
		AND
		ip_src IS NOT NULL
		AND
		ip_dst IS NOT NULL
		AND
		(ip_dstport IS NOT NULL
OR tcp_dstport IS NOT NULL
OR udp_dstport IS NOT NULL)
	).std:unique(ip_dst)
	.win:time_batch(30 minutes) 
	GROUP BY ip_src, ip_dstport, tcp_dstport, udp_dstport
	HAVING count(ip_dst) >= 50
	for grouped_delivery (ip_src);","action: global
title: 'Escaneo horizontal detectado'
id: 840d3da6-e862-41b1-8d65-703940c99429
status: testing
description:  description:  'Detección de escaneo vertical con intenciones de reconocimiento hacia un rango de IP para un sólo puerto'
author: SOC-ICBC
date: 2020/09/16
tags:
- attack.descubrimiento
- attack.escaneo_de_servicios_de_red
- attack.ta0007
- attack.t1046
- rl.mpms.firewall.juniper
---
logsource:
  product: firewall
  category: juniper
detection:
  condition: fuente1 and count(ORIG_IP) = 1 and count(IP.DST) > 50 and EVENT.TIME < 30m
  fuente1:
    DEVICE.TYPE:
      - checkpointfw1
      - netscreen
  iporigen:
    ORIG_IP: ORIG_IP
  ipDest:
    IP.DST: IP.DST
  ipdestino:
    destinationip:
  timeframe: 30m
fields:
    - IP.DST
    - ORIG_IP
    - EVENT.TIME
falsepositives:
  - unknown
level: medium"
CU025_DPAPI_attributes_accessed,AD,WINDOWS,P.Interna,"Detecta escenarios en los que un atacante intenta extraer informacion sensible de DPAPI de Active Directory (la herramienta PowerShell de RiskySPN, DCSync y Mimikatz tambien pueden activar esta regla)",Manual,CU025_DPAPI_attributes_accessed,,,Producción,,2022-01-01,"T1003 - OS Credential Dumping, T1003.006 - DCSync, T1550 - Use Alternate Authentication Material, T1555 - Credentials from Password Stores, T1555.004 - Windows Credential Manager",,D3-AEM - Application Exception Monitoring; D3-ANAA - Administrative Network Activity Analysis; D3-APCA - Application Protocol Command Analysis; D3-APM - Application Performance Monitoring; D3-CAA - Connection Attempt Analysis; D3-CSPP - Client-server Payload Profiling; D3-FCOA - File Content Analysis; D3-FCR - File Content Rules; D3-FH - File Hashing; D3-FIM - File Integrity Monitoring; D3-NTCD - Network Traffic Community Deviation; D3-NTSA - Network Traffic Signature Analysis; D3-OPM - Operational Process Monitoring; D3-PHDURA - Per Host Download-Upload Ratio Analysis; D3-PLA - Process Lineage Analysis; D3-PM - Platform Monitoring; D3-PMAD - Protocol Metadata Anomaly Detection; D3-PSMD - Process Self-Modification Detection; D3-RTSD - Remote Terminal Session Detection; D3-UBA - User Behavior Analysis; D3-UGLPA - User Geolocation Logon Pattern Analysis,Medium,IRT,Sí,winevent_nic,,Si,,,"module Module_CU025_RL_SPSM_WINDOWS;

@Name('Module_CU025_RL_SPSM_WINDOWS_Alert')


@RSAAlert

SELECT * FROM
Event(
device_type='winevent_nic'
AND
reference_id='4662'
AND
	(
	obj_type.toLowerCase() LIKE  '%612cb747-c0e8-4f92-9221-fdd5f15b550d%' 
	OR
	obj_type.toLowerCase() LIKE  '%6617e4ac-a2f1-43ab-b60c-11fbd1facf05%'
	OR
	obj_type.toLowerCase() LIKE  '%b3f93023-9239-4f7c-b99c-6745d87adbc2%'
	OR
	obj_type.toLowerCase() LIKE  '%b7ff5a38-0818-42b0-8110-d3d154c97f24%'
	OR
	obj_type.toLowerCase() LIKE  '%b8dfa744-31dc-4ef1-ac7c-84baf7ef9da7%'
	OR
	obj_type.toLowerCase() LIKE '%91e647de-d96f-4b70-9557-d63ff4f3ccd8%'
	)
AND
user_dst is NOT NULL
AND 
user_dst.toLowerCase() NOT LIKE '%$%'

).std:groupwin(user_dst)
.win:time_batch(30 minutes)
group by user_dst
having count(distinct obj_type) > 5;","title: Suspicious Active Directory DPAPI attributes accessed (Mimikatz, DCSync, RiskySPN)
id: 3f2794d1-d46f-59d0-b5f0-27b100a07019
status: testing
description: Detecta escenarios en los que un atacante intenta extraer informacion sensible de DPAPI de Active Directory (la herramienta PowerShell de RiskySPN, DCSync y Mimikatz tambien pueden activar esta regla).
author: SOC_Novared
date: 2022/01/17
tags:
- attack.lateral.movement
- attack.use.alternate.authentication.material
- attack.TA0008
- attack.T1550
- rl.spsm.windows
logsource:
    product: windows
    service: security
detection:
    selection:
        reference.id: 4662 # Se ha realizado una operacion en un objeto
        obj.type|contains:
            - 612cb747-c0e8-4f92-9221-fdd5f15b550d # unixUserPassword
            - 6617e4ac-a2f1-43ab-b60c-11fbd1facf05 # ms-PKI-RoamingTimeStamp / Indica la hora de la ultima sincronización
            - b3f93023-9239-4f7c-b99c-6745d87adbc2 # ms-PKI-DPAPIMasterKeys / Almacena las claves maestras de la DPAPI. Estas claves simetricas encriptan las claves privadas y estan ellas mismas encriptadas.
            - b7ff5a38-0818-42b0-8110-d3d154c97f24 # ms-PKI-Credential-Roaming-Tokens
            - b8dfa744-31dc-4ef1-ac7c-84baf7ef9da7 # ms-PKI-AccountCredentials / Almacena certificados, solicitudes de firma de certificados, claves privadas y contraseñas guardadas.
            - 91e647de-d96f-4b70-9557-d63ff4f3ccd8 # Private-Information
    filter:
        user.dst|ends: '$'
    condition: 1 of selection and not filter | count(ObjectName) > 5 # contar la cantidad de objetos diferentes de AD que informan del acceso a DPAPI
    timeframe: 30m

falsepositives:
    - Active Directory Backup solutions
level: high"
CU045_CITRIX_Impossible_Travel,CITRIX_ADC,CITRIX-NETSCALER,P.Perimetral,Detección de posible actividad de geolocalización inesperada en otra región en menos de 1 hora,,CU045_CITRIX_Impossible_Travel,,,Producción,,2021-02-23,T1078 - Valid Accounts,,,High,IRT,Sí,citrixns,,Si,,,"module CU045_CITRIX_Impossible_Travel;

@Name('CU045_CITRIX_Impossible_Travel')
@Description('Detección de posible actividad de geolocalización inesperada en otra región en menos de 1 hora')
@RSAAlert(identifiers={""user_dst""})

SELECT * FROM PATTERN [

	every-distinct(user_dst, 60 Minutes)
	(
	e1=Event(
		user_dst IS NOT NULL
		AND country_src IS NOT NULL
		AND (
			ip_src_type IS NULL
			OR
			ip_src_type.toLowerCase() NOT IN ('ip whitelist', 'vdi','red vlan usuarios madero office','whitelist', 'ip private')
		)
		AND device_type IN ('citrixns')
		AND msg_id.toLowerCase() IN ('sslvpn_login_custom')
		AND event_cat_name.toLowerCase() IN ('user.activity.successful logins')
		AND isOneOfIgnoreCase(direction,{ 'inbound' })
        AND (isNotOneOfIgnoreCase(context,{'excepción-icbc'}) OR context IS NULL)
        AND NOT (
		sslvpn_ctype.toLowerCase() LIKE '%android%'
		OR
		sslvpn_ctype.toLowerCase() LIKE '%ios%'
                OR
                sslvpn_ctype.toLowerCase() LIKE '%ica%'
		)
	)

	->

	e2=Event(
		user_dst IS NOT NULL
		AND (
			ip_src_type IS NULL
			OR
			ip_src_type.toLowerCase() NOT IN ('ip whitelist', 'vdi','red vlan usuarios madero office','whitelist', 'ip private')
		)
		AND country_src IS NOT NULL
		AND device_type IN ('citrixns')
		AND msg_id.toLowerCase() IN ('sslvpn_login_custom')
		AND event_cat_name.toLowerCase() IN ('user.activity.successful logins')
		AND isOneOfIgnoreCase(direction,{ 'inbound' })
		AND user_dst.toLowerCase() = e1.user_dst.toLowerCase()
		AND country_src.toLowerCase() IS NOT e1.country_src.toLowerCase()
		AND user_agent.firstOf().toString() IS NOT e1.user_agent.firstOf().toString()
		AND NOT (
		sslvpn_ctype.toLowerCase() LIKE '%android%'
	    OR
		sslvpn_ctype.toLowerCase() LIKE '%ios%'
            OR
                sslvpn_ctype.toLowerCase() LIKE '%ica%'
		)
	)
)
WHERE timer:within(60 Minutes)
]","CU45-RL-SPSM-CITRIX-NETSCALER-Impossible Travel to atypical locations leading to suspected credential theft activity-v1.0.
Detección de posible actividad de geolocalización inesperada en otra región en menos de 1 hora.

author: \""SOC ICBC\""
status: Testing
date: 2021/02/23
tags:
- attack.initial_access
- attack.valid_accounts
- attack.TA0001
- attack.T1078'"
CU049_Login_over_Tor_network,CITRIX_ADC,CITRIX-NETSCALER,P.Perimetral,Detección de inicio de sesión en VPN/VDI dentro de una red Tor,,CU049_Login_over_Tor_network,ICBC-NOVA,"Alerta,   manejar como los casos de VPN Actor de interes:",Producción,2021-02-23,,T1090 - Proxy,,,High,IRT,1.0,,,Si,,,,
CU056_Multiple_critical_port_scan,ENDPOINTS,ANTIVIRUS,P.Interna,Detección de multiples eventos de categoría crítica desde un mismo host con un evento de escaneo de puertos Horizontal/vertical,Manual,CU056_Multiple_critical_port_scan,ICBC-NOVA,Alerta: complementar con todos los datos realacionado a los actores de interes  Actor de interes:,Producción,,2020-07-26,"T1569 - System Services, T1595 - Active Scanning",,,High,IRT,Sí,epolicy,,Si,,,"module Module_CU056;
	
@Name('Module_CU056_Alert')
@Description('Detección de multiples eventos de categoría crítica desde un mismo host con un evento de escaneo de puertos Horizontal/vertical')
@RSAAlert(oneInSeconds=0)

SELECT * FROM PATTERN [ 
	every-distinct(host_dst.firstOf(), 60 Minutes)
	
	e1=Event(
		device_type.toLowerCase() IN ( 'epolicy' ) 
		AND host_dst IS NOT NULL 
		AND severity_name.toLowerCase() IN ( 'high' ) 
		AND (ip_src_type IS NULL OR ip_src_type.toLowerCase() NOT IN ( 'ip_whitelist' ))
		)
		
	->
	
	e2=Event(
		device_type.toLowerCase() IN ( 'epolicy' ) 
		AND host_dst IS NOT NULL 
		AND severity_name.toLowerCase() IN ( 'high' )
                AND host_dst.firstOf() = e1.host_dst.firstOf()
		AND (ip_src_type IS NULL OR ip_src_type.toLowerCase() NOT IN ( 'ip_whitelist' ))
	)
	
	->
	
	e3=Event(
		device_type.toLowerCase() IN ( 'rsa_netwitness_esa' )
		AND ( 
			event_desc = 'CU005_Vertical_Port_Scan'
			OR
			event_desc = 'CU006_Horizontal_Port_Scan'
		)
		AND ip_src = e2.ip_dst
	)

	where timer:within(60 Minutes)
];","action: global
title: 'Multiple critical detection with port scan detected on host''
id: de3279eb-6b12-4c1c-a657-da483ce9890c
status: testing 
description:  'Detección de multiples eventos de categoría crítica desde un mismo host con un evento de escaneo de puertos Horizontal/vertical'
author: SOC-ICBC
date: 2020/07/26
tags:
- attack.execution
- attack.system.services
- attack.ta0002
- attack.t1569
- rl.mpsm.antivirus.epo"
CU057_Multiple_critical_detection,ENDPOINTS,ANTIVIRUS,P.Interna,Multiples eventos de severidad critica ePO en un tiempo determinado,Manual,CU057_Multiple_critical_detection,,,Producción,,2020-07-26,"T1569 - System Services, T1569.001 - Launchctl, T1569.002 - Service Execution, T1569.003 - Systemctl",,,Critical,IRT,Sí,epolicy,,Si,,,"module Module_CU057;

@Name('Module_CU057_Alert')
@UsesEnrichment(name=""WL_powershell_scripts"")
@UsesEnrichment(name=""WL_powershell_users"")
@UsesEnrichment(name=""WL_filehash"")
@Description('Multiples eventos de severidad critica ePO en un tiempo determinado')
@RSAAlert(oneInSeconds=0)

SELECT * FROM
Event(
		device_type.toLowerCase() IN ('epolicy')
		AND severity_name.toLowerCase() IN ('high')
                AND threat_handled.toLowerCase() IN ('false')
		AND (ip_src_type IS NULL OR ip_src_type.toLowerCase() NOT IN ('ip_whitelist'))
		AND NOT EXISTS (SELECT * FROM WL_powershell_scripts WHERE Event.src_desc_cmd.toLowerCase().contains(LIST.toLowerCase()))
		AND NOT EXISTS (SELECT * FROM WL_powershell_users WHERE (LIST.toLowerCase() = Event.user_src.toLowerCase()))
		AND NOT EXISTS (SELECT * FROM WL_filehash WHERE (LIST.toLowerCase() = Event.checksum.firstOf().toString().toLowerCase()))
		AND NOT EXISTS (SELECT * FROM WL_filehash WHERE (LIST.toLowerCase() = Event.checksum_dst.firstOf().toString().toLowerCase()))
		AND NOT EXISTS (SELECT * FROM WL_filehash WHERE (LIST.toLowerCase() = Event.checksum_src.firstOf().toString().toLowerCase()))

).std:groupwin(host_dst.firstOf())
.win:time_length_batch(60 minutes, 2)
group by host_dst.firstOf()
having count(*) >= 2;","action: global
title: 'Multiple Critical detection on host'
id: cc334efa-f9ba-4513-ad7f-3a1989f4c51a
status: testing
description:  'Multiples eventos de severidad critica ePO en un tiempo determinado'
author: SOC-ICBC
date: 2020/07/26
tags:
- attack.execution
- attack.system.services
- attack.ta0002
- attack.t1569
- rl.mpsm.antivirus.epo"
CU062_Abnormal_attempt_code_DC,AD,WINDOWS,P.Interna,Valida códigos de error poco comunes en inicios de sesión fallidos para determinar actividad sospechosa desde AD,Manual,CU062_Abnormal_attempt_code_DC,,,Producción,,2021-08-30,"T1068 - Exploitation for Privilege Escalation, T1087 - Account Discovery",,D3-MBT - Memory Boundary Tracking; D3-OSM - Operating System Monitoring; D3-PCSV - Process Code Segment Verification; D3-PM - Platform Monitoring; D3-SSC - Shadow Stack Comparisons,Medium,IRT,Sí,winevent_nic,,Si,,,"module CU062_RL_SPSM_WINDOWS;
    
@Name('CU062_RL_SPSM_WINDOWS_Alert')
@Description('')
@RSAAlert(oneInSeconds=0)

SELECT * FROM Event(
						(
							nsoc_id IN ( 'nsoc1010' ) 
							AND 
							(cast(host_src, string).toLowerCase() LIKE '%arpads%')
						)
					)
.std:groupwin(user_dst , host_src)
.win:time_length_batch(60 Minutes, 3)
GROUP BY user_dst , host_src
HAVING COUNT(*) >= 3;","action: global
title: 'Uncommon error codes for failed logins by Domain Controller'
id: db261ff2-324b-4c03-8475-f968116cb57e
status: testing
description: 'Valida códigos de error poco comunes en inicios de sesión fallidos para determinar actividad sospechosa desde AD'
author: SOC-ICBC
date: 2021/08/30
tags:
- attack.privilege_escalation
- attack.exploitation_for_privilege_escalation
- attack.ta0004
- attack.T1068
- rl.spsm.windows.dc
- esa.rule
logsource:
  product: windows
  category: dc
detection:
  condition:
  - source AND NOT userfilterx AND detectidx AND codex AND NOT lists AND hostx | count(user.dst) by hostx > 2 | timeframe 1h
  # (nsoc.cust = 'cu10_rl_spsm_windows') | count(user.dst) by hostx > 2 | timeframe 1h"
CU063_Abnormal_attempt_Code,AD,WINDOWS,P.Interna,Valida códigos de error poco comunes en inicios de sesión fallidos para determinar actividad sospechosa desde un HOST,,CU063_Abnormal_attempt_Code,ICBC-NOVA,Alerta: complementar con todos los datos realacionado a los actores de interes  Actor de interes:,Producción,,2021-09-14,T1087 - Account Discovery,,,Medium,IRT,1.0,,,Si,,,,
CU080_AD_Multiples_login_failure_single_source,AD,WINDOWS,P.Interna,Detectar multiples login fallidos de multiples usuarios desde un mismo origen,,CU080_AD_Multiples_login_failure_single_source,,Alerta: Multiples autenticaciones fallidas del mismo usuario a distintos destinos,Producción,,2026-05-01,"T1010 - Application Window Discovery, T1110 - Brute Force, T1110.003 - Password Spraying",,D3-AEM - Application Exception Monitoring; D3-ANAA - Administrative Network Activity Analysis; D3-APCA - Application Protocol Command Analysis; D3-APM - Application Performance Monitoring; D3-CAA - Connection Attempt Analysis; D3-CCSA - Credential Compromise Scope Analysis; D3-CSPP - Client-server Payload Profiling; D3-NTCD - Network Traffic Community Deviation; D3-NTSA - Network Traffic Signature Analysis; D3-OPM - Operational Process Monitoring; D3-PHDURA - Per Host Download-Upload Ratio Analysis; D3-PM - Platform Monitoring; D3-PMAD - Protocol Metadata Anomaly Detection; D3-RTSD - Remote Terminal Session Detection; D3-SCA - System Call Analysis; D3-UBA - User Behavior Analysis; D3-UGLPA - User Geolocation Logon Pattern Analysis,Medium,IRT,,winevent_nic,,Si,,,"@Name('CU080_AD_Multiples_login_failure_single_source')
@Description('Detectar multiples login fallidos de multiples usuarios desde un mismo origen.')
@RSAAlert(oneInSeconds=1800, identifiers={""host_src""})
SELECT * FROM Event(
    device_type.toLowerCase() = 'winevent_nic'
    AND reference_id = '4625'
    AND device_host IS NOT NULL
    AND ec_activity.toLowerCase() = 'logon'
    AND ec_theme.toLowerCase() = 'authentication'
    AND ec_outcome.toLowerCase() = 'failure'
    AND user_dst IS NOT NULL
    AND user_dst NOT LIKE '%$%'
    AND ip_src IS NOT NULL
    AND result_code IS NOT NULL
    AND isOneOfIgnoreCase(context,{ '0xc000006a' })
    AND ip_src_desc.toLowerCase() NOT IN ( 'nexpose scanner icbc' )
    AND ip_src NOT IN ( '10.214.144.77' )
    AND ip_src NOT IN ( '123.176.20.133' )
)
.win:time_length_batch(10 minutes, 20)
GROUP BY ip_src
HAVING COUNT(DISTINCT user_dst) >= 10;","Detectar multiples login fallidos de multiples usuarios desde un mismo origen. Relacionado con password spraying
- Actividad relacionada con password spraying.
- Incluir substatus '0xc000006a' para incluir eventos de bad password.
- Excluir  'nexpose scanner icbc', '10.214.144.77'"
CU081_Multiples_autenticaciones_fallidas_usuarios_grupo_PSONLOUsers,AD,WINDOWS,P.Interna,Detecta multiples autenticaciones falidas de usuarios en el grupo PSONLOUsers,,CU081_Multiples_autenticaciones_fallidas_usuarios_grupo_PSONLOUsers,,Alerta: Multiples autenticaciones faillidas de usuarios en el grupo PSONLOUsers,Producción,,2020-01-01,T1110 - Brute Force,,,High,IRT,Sí,,,Si,,,"module Module_Seg_2_4;

@Name('Module_Seg_2_4_Alert')
@Description('Detects when log events that contain multiple failed login events with unique usernames from group PSO_NLO Users occur within the specified time period. The time period is 120 seconds and number of failed logins 3.')
@RSAAlert(oneInSeconds=3600, identifiers={""user_dst""})

SELECT * FROM 
	Event(
		medium = 32
		AND
		device_type.toLowerCase() = 'winevent_nic'
		AND
		ec_activity.toLowerCase() = 'logon' 
		AND
		ec_theme.toLowerCase() = 'authentication'
		AND
		ec_outcome.toLowerCase() = 'failure'
		AND
		user_dst IS NOT NULL
		AND 
            NOT ( 
				user_dst.toLowerCase() = 'wyse8021@ardp.local'
				OR
				user_dst.toLowerCase() = 'wysec00x'
                                OR
                                user_dst.toLowerCase() = 'sj210526'
             )  
		AND
		user_group IS NOT NULL
		AND
		user_group.toLowerCase() = 'pso_nlo users'
	).win:time(120 seconds) group by user_dst having count(*) = 3 output first every 120 seconds;","Condiciones de Detección:
-             Plataforma monitoreada: Windows
-             Tipo de eventos: Múltiples login fallidos de un único usuario perteneciente al grupo 'PSO_NLO Users'
-             Umbral de detección: 3 eventos en 2 minutos."
CU082_Inconveniente_de_almacenamiento_de_auditoria_local,AD,WINDOWS,P.Interna,Detecta inconvenientes de almacenamietno de auditoria local,,CU082_Inconveniente_de_almacenamiento_de_auditoria_local,,Alerta: Inconveniente de almacenamietno de auditoria local,Producción,,2020-01-01,T1070 - Indicator Removal,,,Low,NC,,,,Si,,,"module Module_Seg_2_6;

@Name('Module_Seg_2_6_Alert')
@Description('Alerta eventos sensibles de seguridad de Windows')
@RSAAlert(oneInSeconds=3600, identifiers={""event_computer""})

SELECT * FROM Event(
	(device_type.toLowerCase() IN ( 'winevent_nic' ) 
        AND 
        event_source.toLowerCase() IN ( 'microsoft-windows-eventlog' ) 
        AND 
        reference_id IN ( '1101', '1104' ))
);",Alerta eventos sensibles de seguridad de Windows
CU083_Deteccion de tag EDR process_reputation_most_likely_malicious,ENDPOINTS,EDR,P.Interna,"Deteccion en Trellix EDR de al menos uno de los tags: 
 @msi._process_reputation_most_likely_malicious o 
 @msi._process_reputation_known_malicious
 son indicadores generados por el sistema para clasificar y alertar sobre procesos sospechosos o maliciosos en función de su reputación y comportamiento.",,CU083_Deteccion de tag EDR process_reputation_most_likely_malicious,ICBC-NOVA,Alerta: Deteccion de tag EDR,Producción,,2022-01-01,T1587.001 - Malware,,,High,IRT,Sí,trellix_edr,,Si,,,"/*
	This basic template is a placeholder for defining basic EPL content that can be
	installed and executed in ESA. The sample below is the minimum that would be 
	required to get started.
	
	Version:  4.0
*/


/*
Module debug section. If this is empty then debugging is off.
*/

/* EPL section. If there is no text here it means there were no statements. */

    module Module_64d52f3b45ce326287cd43b1;
	


		
        
        @Name('Module_64d52f3b45ce326287cd43b1_Alert')
        @Description('Deteccion en Trellix EDR de al menos uno de los tags:
@msi._process_reputation_most_likely_malicious
@msi._process_reputation_known_malicious')
        @RSAAlert(oneInSeconds=0)

        SELECT * FROM Event(
            /* Statement: Deteccion de tag */
            (device_type.toLowerCase() IN ( 'trellix_edr' ) AND isOneOfIgnoreCase(param,{ '@msi._process_reputation_known_malicious' , '@msi._process_reputation_most_likely_malicious' }))
            
        )
        
        
        
        ;",
CU084_CASB_Anomalous_Access_Location,OTHERS,CASB,P.Interna,Detectar ubicaciones de login a servicios en la nube con geolocalizacion anomala,,CU084_CASB_Anomalous_Access_Location,,,Producción,,2020-01-01,"T1021 - Remote Services, T1078 - Valid Accounts, T1098 - Account Manipulation",,D3-APCA - Application Protocol Command Analysis; D3-CAA - Connection Attempt Analysis; D3-CSPP - Client-server Payload Profiling; D3-NTCD - Network Traffic Community Deviation; D3-NTSA - Network Traffic Signature Analysis; D3-PHDURA - Per Host Download-Upload Ratio Analysis; D3-PMAD - Protocol Metadata Anomaly Detection; D3-RTSD - Remote Terminal Session Detection; D3-UBA - User Behavior Analysis; D3-UGLPA - User Geolocation Logon Pattern Analysis,Medium,IRT,Sí,,,Si,,,"module Module_7d52a383_f85c_4b87_85a9_4051bc91c3e0;
	
        
        @Name('Module_7d52a383_f85c_4b87_85a9_4051bc91c3e0_Alert')
        @Description('')
        @RSAAlert(oneInSeconds=0)

        SELECT * FROM Event(

            (medium IN ( 32 ) AND device_type.toLowerCase() IN ( 'skyhigh_casb' ) AND event_type.toLowerCase() IN ( 'anomalousaccesslocation' ))
            AND (isNotOneOfIgnoreCase(context,{'excepción-icbc'}) OR context IS NULL)
            AND (ip_src_desc.toLowerCase() NOT IN ( '[learn on demand systems]' ))
        )
        
        
        
        ;","Caso de uso para la deteccion de incidentes de ""Anomalous Access Location"" detectados desde Skyhigh CASB"
CU085_CASB_Superhuman,OTHERS,CASB,P.Interna,Deteccion de actividades de login a servicios en la nube con dos geolocalizaciones imposibles en un periodo breve de tiempo,,CU085_CASB_Superhuman,,,Producción,,2020-01-01,"T1021 - Remote Services, T1078 - Valid Accounts, T1098 - Account Manipulation",,D3-APCA - Application Protocol Command Analysis; D3-CAA - Connection Attempt Analysis; D3-CSPP - Client-server Payload Profiling; D3-NTCD - Network Traffic Community Deviation; D3-NTSA - Network Traffic Signature Analysis; D3-PHDURA - Per Host Download-Upload Ratio Analysis; D3-PMAD - Protocol Metadata Anomaly Detection; D3-RTSD - Remote Terminal Session Detection; D3-UBA - User Behavior Analysis; D3-UGLPA - User Geolocation Logon Pattern Analysis,Medium,IRT,,,,Si,,,"module Module_7d52a383_f85c_4b87_85a9_4051bc91c3e0;
	
        
        @Name('Module_7d52a383_f85c_4b87_85a9_4051bc91c3e0_Alert')
        @Description('')
        @RSAAlert(oneInSeconds=0)

        SELECT * FROM Event(

            (medium IN ( 32 ) AND device_type.toLowerCase() IN ( 'skyhigh_casb' ) AND event_type.toLowerCase() IN ( 'superhuman' ))
           AND (isNotOneOfIgnoreCase(context,{'excepción-icbc'}) OR context IS NULL)
        )
        
        
        
        ;","Caso de uso para la deteccion de incidentes de ""superhuman"" detectados desde Skyhigh CASB"
CU086_Detecciones de ioc para el mismo usuario en bluecoat,WEB,PROXY,P.Perimetral,"Deteccion de hits a sitios con marcadores de IoC en un breve lapso de tiempo, puede implicar un remamente de botnet, droper, etc.",,CU086_Detecciones de ioc para el mismo usuario en bluecoat,,,Producción,,2020-01-01,T1189 - Drive-by Compromise,,D3-APCA - Application Protocol Command Analysis; D3-CSPP - Client-server Payload Profiling; D3-HD - Homoglyph Detection; D3-IAA - Identifier Activity Analysis; D3-ID - Identifier Analysis; D3-IRA - Identifier Reputation Analysis; D3-NTCD - Network Traffic Community Deviation; D3-NTSA - Network Traffic Signature Analysis; D3-PHDURA - Per Host Download-Upload Ratio Analysis; D3-PMAD - Protocol Metadata Anomaly Detection; D3-RPA - Relay Pattern Analysis; D3-RTSD - Remote Terminal Session Detection; D3-UA - URL Analysis; D3-UBA - User Behavior Analysis; D3-UGLPA - User Geolocation Logon Pattern Analysis; D3-URA - URL Reputation Analysis,Medium,IRT,,cacheflowelff,,Si,,,"module nova_000086;
    @Name('nova_000086_Alert')
	@RSAAlert(oneInSeconds=3600, identifiers={""user_dst""})
	SELECT * FROM Event(
							(
							device_type.toLowerCase() IN ( 'cacheflowelff' )
							AND user_dst IS NOT NULL 
							AND ioc IS NOT NULL
                                                        AND (isNotOneOfIgnoreCase(alias_host,{ 'push.services.mozilla.com' }))
                                                        AND  (isNotOneOfIgnoreCase(filter,{ 'icbc-excepcionnavsegglobal' }))

							)
						)

						.std:groupwin(user_dst)
.std:unique(event_time)
						.win:time_length_batch(60 Minutes, 7)
				
						GROUP BY user_dst
						HAVING COUNT(*) >= 7;",
CU088_LockedAccounts,AD,WINDOWS,P.Interna,"Detección de anomalías en el proceso de autenticación de los usuarios, alerta un bloqueo masivo de cuentas de usuarios.",,CU088_LockedAccounts,,,Producción,,2020-01-01,T1110 - Brute Force,,,High,IRT,Sí,winevent_nic,,Si,,,"module CU088_LockedAccounts;
@Name('[CU088_LockedAccounts')
@Description('Detectar un volumen inusualmente alto de eventos de bloqueo de cuentas en Active Directory.')
@RSAAlert(oneInSeconds=0)

SELECT * FROM Event(

    (device_type.toLowerCase() IN ( 'winevent_nic' ) 
    AND reference_id IN ( '4740' ) 
    AND ec_outcome.toLowerCase() IN ( 'success' ))
    )
    .win:time_length_batch(5 Minutes, 100)
    HAVING COUNT(*) >= 100;",Detectar un volumen inusualmente alto de eventos de bloqueo de cuentas en Active Directory.
CU089_SWIFT Alliance Brute Force,APP_FINANCIERAS,SWIFT,P.Interna,Detección de 5 eventos de “log in no exitoso” en menos de una hora para un usuario. Log in no exitoso puede ser “password incorrecto” o “problemas con la autenticación”,,CU089_SWIFT Alliance Brute Force,,,Producción,,2020-01-01,T1110 - Brute Force,,,Medium,IRT,Sí,,,Si,,,"/*
	This basic template is a placeholder for defining basic EPL content that can be
	installed and executed in ESA. The sample below is the minimum that would be 
	required to get started.
	
	Version:  4.0
*/


/*
Module debug section. If this is empty then debugging is off.
*/

/* EPL section. If there is no text here it means there were no statements. */

    module Module_6500782345ceec53ce5bec7a;
	


		
        
        @Name('Module_6500782345ceec53ce5bec7a_Alert')
        @Description('')
        @RSAAlert(oneInSeconds=0)

        SELECT * FROM Event(
            /* Statement: Failed Login */
            (device_type.toLowerCase() IN ( 'swifttrap' ) AND ec_activity.toLowerCase() IN ( 'login' ) AND user_dst IS NOT NULL AND event_cat_name.toLowerCase() IN ( 'security' ) AND ec_outcome.toLowerCase() NOT IN ( 'success' ))
            
        )
        .std:groupwin(user_dst)
        .win:time_length_batch(120 Minutes, 10)
        GROUP BY user_dst
        HAVING COUNT(*) >= 10;",
CU090_SWIFT Integrity Compromised,APP_FINANCIERAS,SWIFT,P.Perimetral,"Detección de errores de integridad en la plataforma SWIFT, alerta una manipulación de datos no deseada",,CU090_SWIFT Integrity Compromised,,,Producción,,2022-01-01,"T1565 - Data Manipulation, T1657 - Financial Theft",,,Critical,IRT,Sí,,,Si,,,"/*
	This basic template is a placeholder for defining basic EPL content that can be
	installed and executed in ESA. The sample below is the minimum that would be 
	required to get started.
	
	Version:  4.0
*/


/*
Module debug section. If this is empty then debugging is off.
*/

/* EPL section. If there is no text here it means there were no statements. */

    module Module_654d183245ce947b89bb0972;
	


		
        
        @Name('Module_654d183245ce947b89bb0972_Alert')
        @Description('')
        @RSAAlert(oneInSeconds=0)

        SELECT * FROM Event(
            /* Statement: Compromised */
            (device_type.toLowerCase() IN ( 'swifttrap' ) AND msg_id.toLowerCase() IN ( 'aws.ivt.compromised' ))
            
        )
        
        
        
        ;",
CU091_EPO_FILE_Not_Deleted,ENDPOINTS,ANTIVIRUS,P.Interna,Genera alerta cuando un archivo no puede ser borrado desde la EPO,Manual,CU091_EPO_FILE_Not_Deleted,,,Producción,,2020-01-01,T1587.001 - Malware,,,Medium,IRT,Sí,epolicy,,Si,,,"module CU091_EPO_FILE_Not_Deleted;

    @Name('CU091_EPO_FILE_Not_Deleted_Alert')
    @Description('')
    @RSAAlert(oneInSeconds=0)
	
    SELECT * FROM PATTERN [ 
		every-distinct(host_src, 60 Minutes)
		/* File detected and delete pending */
		 e1=Event(device_type.toLowerCase() IN ( 'epolicy' ) 
		 AND checksum IS NOT NULL 
		 AND event_desc.toLowerCase() IN ( 'delete pending. a file still exists' ) 
		 AND host_src IS NOT NULL )
		->
		/* Infected File Deleted */
		timer:interval(60 Minutes) AND NOT
		 e2=Event(device_type.toLowerCase() IN ( 'epolicy' ) 
		 AND checksum IS NOT NULL 
		 AND host_src IS NOT NULL 
		 AND checksum=e1.checksum
		 AND host_src = e1.host_src
		 AND event_desc.toLowerCase() IN ( 'infected file deleted' )
		 )
		
    ];","title:  Epo file not deleted
Genera alerta cuando un archivo no puede ser borrado desde la EPO"
CU092_Suspicious_Source_to_Destination_Traffic_IOC_Match,VARIOS,VARIOS,P.Interna,Deteccion de multiples conexiones permitidas de IPs alertadas con IOC.,,CU092_Suspicious_Source_to_Destination_Traffic_IOC_Match,,,Producción,,2020-01-01,"T1078 - Valid Accounts, T1133 - External Remote Services",,,Medium,IRT,Sí,cacheflowelff,,Si,,,"module CU092_Suspicious_Source_to_Destination_Traffic_IOC_Match;


@Name('CU092_Suspicious_Source_to_Destination_Traffic_IOC_Match_Alert')

@Description('Deteccion de multiples conexiones permitidas de IPs alertadas con IOC.')
@RSAAlert(oneInSeconds=3600, identifiers={ ""ip_src""})

SELECT * FROM Event(
    (ip_src_type IS NULL OR ip_src_type.toLowerCase() NOT IN ('ip whitelist', 'whitelist', 'ip private'))
    AND ioc IS NOT NULL
    AND (isNotOneOfIgnoreCase(action,{ 'deny' , 'drop' }))
    AND (isOneOfIgnoreCase(direction,{ 'inbound' }))
    AND (context IS NULL OR isNotOneOfIgnoreCase(context,{ 'blocked' }))

)
.std:groupwin(ip_src , ip_dst)
.win:time_length_batch(1 Minutes, 50)
GROUP BY ip_src , ip_dst
HAVING COUNT(*) >= 50;",Deteccion de multiples conexiones permitidas de IPs alertadas con IOC.
CU093_Login_Attempts_From_TOR_Nodes_Log4j_Exploits_IPs,VARIOS,VARIOS,P.Interna,Detección intentos de autenticación desde IPs de nodos TOR o IPs categorizadas maliciosas por actividad relacionada con exploits de Log4j,,CU093_Login_Attempts_From_TOR_Nodes_Log4j_Exploits_IPs,,,Producción,,2020-01-01,"T1090.003 - Multi-hop Proxy, T1133 - External Remote Services, T1190 - Exploit Public-Facing Application",,D3-APCA - Application Protocol Command Analysis; D3-CSPP - Client-server Payload Profiling; D3-DQSA - Database Query String Analysis; D3-ISVA - Inbound Session Volume Analysis; D3-NTCD - Network Traffic Community Deviation; D3-NTSA - Network Traffic Signature Analysis; D3-PHDURA - Per Host Download-Upload Ratio Analysis; D3-PMAD - Protocol Metadata Anomaly Detection; D3-RPA - Relay Pattern Analysis; D3-RTSD - Remote Terminal Session Detection; D3-UBA - User Behavior Analysis; D3-UGLPA - User Geolocation Logon Pattern Analysis,High,IRT,Sí,,,Si,,,"module Module_Login_Attempts_From_TOR_Nodes_Log4j_Exploits_IPs;
        
@Name('Module_Login_Attempts_From_TOR_Nodes_Log4j_Exploits_IPs_Alert')
@Description('Detecta intentos de autenticación desde IPs de nodos TOR o IPs categorizadas maliciosas por actividad relacionada con exploits de Log4j')
@RSAAlert(oneInSeconds=600, identifiers={""user_dst""})

SELECT * FROM Event(
	user_dst IS NOT NULL 
	AND user_dst.toLowerCase() NOT IN ( 'n/a' )
	AND (isOneOfIgnoreCase(ioc,{ 'dan.me tor exit nodes' }) 
		OR 
		nsoc_name.toLowerCase() IN ( 'log4j exploit attemp' ))
)
.std:groupwin(user_dst)
.win:time(10 Minutes)
GROUP BY user_dst
HAVING COUNT(*) >= 1;",
CU096_Multiple_Users_Connected_to_IOC_IP,VARIOS,VARIOS,P.Interna,Detecta conexiones salientes de varios usuarios hacia IPs categorizadas como IOCs,,CU096_Multiple_Users_Connected_to_IOC_IP,,,Producción,,2020-01-01,T1566.002 - Spearphishing Link,,D3-APCA - Application Protocol Command Analysis; D3-CSPP - Client-server Payload Profiling; D3-DA - Dynamic Analysis; D3-EFA - Emulated File Analysis; D3-FCOA - File Content Analysis; D3-FCR - File Content Rules; D3-FH - File Hashing; D3-FIM - File Integrity Monitoring; D3-HD - Homoglyph Detection; D3-IAA - Identifier Activity Analysis; D3-ID - Identifier Analysis; D3-IRA - Identifier Reputation Analysis; D3-ISVA - Inbound Session Volume Analysis; D3-MA - Message Analysis; D3-NTCD - Network Traffic Community Deviation; D3-NTSA - Network Traffic Signature Analysis; D3-PHDURA - Per Host Download-Upload Ratio Analysis; D3-PM - Platform Monitoring; D3-PMAD - Protocol Metadata Anomaly Detection; D3-RTSD - Remote Terminal Session Detection; D3-SMRA - Sender MTA Reputation Analysis; D3-SRA - Sender Reputation Analysis; D3-UA - URL Analysis; D3-UBA - User Behavior Analysis; D3-UGLPA - User Geolocation Logon Pattern Analysis; D3-URA - URL Reputation Analysis,High,IRT,Sí,,,Si,,,"module CU096_Multiple_Users_Connected_to_IOC_IP;

@RSAAlert(oneInSeconds=43200, identifiers={""ip_dst""})

SELECT * FROM Event(
        (isOneOfIgnoreCase(direction,{ 'outbound' }))
        AND (ip_dst_type IS NULL OR ip_dst_type.toLowerCase() NOT IN ('ip whitelist', 'whitelist'))
	AND ioc IS NOT NULL
	AND user_dst IS NOT NULL
	AND ip_dst IS NOT NULL
        AND  (isNotOneOfIgnoreCase(filter,{ 'icbc-excepcionnavsegglobal' }))
        AND (isNotOneOfIgnoreCase(alias_host,{ 'push.services.mozilla.com' }))
)
.std:groupwin(ip_dst)
.win:time_length_batch(10 Minutes, 200)
GROUP BY ip_dst
HAVING count(distinct user_dst) > 3;",
CU098_Detection_Usage_SC_NET_Multiple_Services_Processes,VARIOS,VARIOS,P.Interna,"Detección de uso “sc.exe”, “net.exe”, “net1.exe” con parámetro (“param”) que contenga “stop” o “delete” de servicios o procesos de Windows.",,CU098_Detection_Usage_SC_NET_Multiple_Services_Processes,,,Producción,,2020-01-01,"T1068 - Exploitation for Privilege Escalation, T1685 - Disable or Modify Tools",,D3-MBT - Memory Boundary Tracking; D3-OSM - Operating System Monitoring; D3-PCSV - Process Code Segment Verification; D3-PM - Platform Monitoring; D3-SSC - Shadow Stack Comparisons,High,IRT,Sí,,,Si,,,"module CU098_Detection_Usage_SC_NET_Multiple_Services_Processes;

@Name('CU098_Detection_Usage_SC_NET_Multiple_Services_Processes_Alert')
@RSAAlert(oneInSeconds=3600, identifiers={""event_computer""})
SELECT * FROM Event(
	device_type.toLowerCase() = 'winevent_nic'
	AND
	reference_id = '4688'
	AND
	process.toLowerCase() IN ('c:\\windows\\system32\\sc.exe','c:\\windows\\system32\\net.exe','c:\\windows\\system32\\net1.exe')
	AND
	(
		(asStringArray(param)).anyOf(v => v.toLowerCase() LIKE '%stop%')
		OR
		(asStringArray(param)).anyOf(v => v.toLowerCase() LIKE '%delete%')
	)
).std:groupwin(event_computer).win:time_length_batch(10 minutes, 3).std:unique(param)
GROUP BY event_computer
HAVING COUNT(*) >= 3;",
CU099_Detection_Usage_TASKKILL_Multiple_Processes,AD,WINDOWS,P.Interna,Detección de uso de “taskkill.exe” con distintos parámetros,,CU099_Detection_Usage_TASKKILL_Multiple_Processes,,,Producción,,2020-01-01,"T1489 - Service Stop, T1685 - Disable or Modify Tools",,,High,IRT,Sí,winevent_nic,,Si,,,"module CU099_Detection_Usage_TASKKILL_Multiple_Processes;

@Name('CU099_Detection_Usage_TASKKILL_Multiple_Processes_Alert')
@RSAAlert(oneInSeconds=3600, identifiers={""event_computer""})
SELECT * FROM Event(
	device_type.toLowerCase() = 'winevent_nic'
	AND
	reference_id = '4688'
	AND
	process.toLowerCase() IN ('c:\\windows\\system32\\taskkill.exe')
	AND
	param IS NOT NULL
).std:groupwin(event_computer).win:time_length_batch(10 minutes, 3).std:unique(param)
GROUP BY event_computer
HAVING COUNT(*) >= 3;",Detección de uso de “taskkill.exe” con distintos parámetros. Alerta en un lapso de 10 minutos al menos 3 “param” distintos de un mismo host.
CU100_Possible_Phishing_Campaing,EMAIL_SECURITY,ANTISPAM,P.Interna,"Detección de evento del AntiSPAM con URL de phishing embebida y marcada por el feed ""phishingURLs"".",,CU100_Possible_Phishing_Campaing,,,Producción,,2024-07-10,T1566 - Phishing,,,Medium,IRT,Sí,,,Si,,,"module CU100_Possible_Phishing_Campaing;

@Name('CU100_Possible_Phishing_Campaing_Alert')
@RSAAlert(oneInSeconds=3600, identifiers={""subject""})
SELECT * FROM Event(

    device_type.toLowerCase() = 'forcepoint_email_security'
    AND
        (ioc_source IS NOT NULL)
    AND
        isNotOneOfIgnoreCase(action,{ 'discarded','quarantined' })
    AND
        (event_state.toLowerCase() NOT IN ( 'in allowlist' ))
     AND
       context_dst IS NULL
    AND
       (email_src.toLowerCase() NOT LIKE '%dropbox.com')

 

);","action: global
title: 'CU100_Possible_Phishing_Campaing  '

status: Producción

description: 'Detección de posible phishing'
author: SOC-ICBC_KC

Last_Update: 2024/07/10 -KC se agrego excepción para discarded para evitar falsos posivitos"
CU104_Domain_or_Tenant_Policy_Modification,AD,winevent_nic,P.Interna,"Detecta la modificación de políticas de Active Directory (AD) realizada por usuarios no autorizados y que no realizaron una solicitud previa de acceso a credenciales en Password Safe. Este comportamiento puede indicar un intento de manipular configuraciones críticas de la infraestructura de dominio, asociado a técnicas de persistencia, escalamiento de privilegios o defensa evasion.",,CU104_Domain_or_Tenant_Policy_Modification,ICBC,umbra 1 evento. Actor de interes host.dst host.src user.src user.dst,Producción,2025-06-15,2025-07-07,"T1484 - Domain or Tenant Policy Modification, T1484.001 - Group Policy Modification",,,Critical,IRT,,,,Si,,,"module CU104_Domain_or_Tenant_Policy_Modification_new;

@RSAPersist
create window UserCritics104.win:time(12 hours) (eDate string, eDevice string, 
eMessage string, eAccount string, eDstHost string, eObjType string, 
eSrcUser string, eLogID string, eTime long);




@Name('LLenar la ventana de memoria UserCritics104')
/* @Audit */
insert into UserCritics104
	SELECT 	event_time_str as eDate, 
			device_type as eDevice,
			ec_activity as eMessage,
			pbps_macc as eAccount,
			CASE WHEN pbps_asset IS NULL THEN NULL ELSE pbps_asset END AS eDstHost,
			user_src as eSrcUser,
            time as eTime

 
FROM
    Event (
        medium = 32
        AND device_type.toLowerCase() = 'pbps'
        AND ec_activity.toLowerCase() = 'retrieve'
        AND obj_type IS NOT NULL
        AND log_session_id IS NOT NULL
        AND event_time_str IS NOT NULL	
    );



@Name('CU104_Domain _or_Tenant_Policy_Modification_new_Alert')
@Description('Detecta la modificación de políticas de Active Directory (AD) realizada por usuarios no autorizados y sin solicitud previa de acceso a credenciales en Password Safe.')
@RSAAlert(oneInSeconds=3600, identifiers={""user_dst""})

SELECT * FROM Event(
    device_type.toLowerCase() IN ('winevent_nic')
    AND reference_id IN ('5137', '5141')
    AND user_dst IS NOT NULL
    AND user_dst.toLowerCase() NOT IN ('iam_ou_prod', 'gpoadm')
    AND NOT EXISTS (
        SELECT * FROM UserCritics104
        WHERE UserCritics104.eAccount.toLowerCase() = Event.user_dst.toLowerCase()
    )
);","Detecta la modificación de políticas de Active Directory (AD) realizada por usuarios no autorizados y que no realizaron una solicitud previa de acceso a credenciales en Password Safe. Este comportamiento puede indicar un intento de manipular configuraciones críticas de la infraestructura de dominio, asociado a técnicas de persistencia, escalamiento de privilegios o defensa evasion."
CU106_Possible_Spear_Phishing_Campaign_ExcoMember,EMAIL_SECURITY,ANTISPAM,P.Interna,"Detección de evento del AntiSPAM con URL de phishing embebida y marcada por el feed ""phishingURLs"" a ExcoMembers",,CU106_Possible_Spear_Phishing_Campaign_ExcoMember,Icbc,Actor de interés: domain_src,Producción,,2024-07-29,T1566 - Phishing,,,High,IRT,,,,Si,,,"module CU106_Possible_Spear_Phishing_Campaign_ExcoMember;

@Name('CUXXX_Possible_Spear_Phishing_Campaign_ExcoMember_Alert')
@RSAAlert(oneInSeconds=3600, identifiers={""domain_src""})

SELECT
    *
FROM Event(
    device_type.toLowerCase() = 'forcepoint_email_security'
    AND
        (ioc_source IS NOT NULL)
    AND
        isNotOneOfIgnoreCase(action,{ 'discarded' })
    AND NOT
        (event_state.toLowerCase() IN ( 'in allowlist' ))
     AND
       isOneOfIgnoreCase(context_dst,{ 'exco' })

);","action: global
title: 'Possible_Spear_Phishing_Campaign_ExcoMemer'

status: Producción
description: 'Detección de posible campaña de spear phishing se implemento una feed con usuarios a los que se dirige el ataque'
author: SOC-ICBC_KC
date_testing: 2024/06/15
date_prduccion: 2024/07/29"
CU107_Abnormal_System_Time_Change,AD,WINDOWS,P.Interna,"Detecció de cambio de horario de sistema, genera alerta cuando la diferencia de tiempo es +-5 segundos",,CU107_Abnormal_System_Time_Change,ICBC-NOVA,Actor de interés: user_dst,Producción,,2024-08-02,T1070 - Indicator Removal,,,High,IRT,,winevent_nic,,Si,,,"module Module_668ee595e4b00a194f024718;
import java.time.Instant;
        @Name('CU107_Abnormal_System_Time_Change')
        @Description('Cambio anormal de hora de sistema')
        @RSAAlert(oneInSeconds=5, identifiers={""user_dst""})
        SELECT * FROM Event(

            (device_type.toLowerCase() IN ( 'winevent_nic' ) 
            AND reference_id.toLowerCase() IN ( '4616' ) 
            AND user_dst.toLowerCase() NOT LIKE '%local service%'
            AND change_new IS NOT NULL
            AND change_old IS NOT NULL
            AND process.toLowerCase() NOT LIKE  '%vmtoolsd.exe' 
            AND Math.abs(Instant.parse(change_new.replaceAll(""[^\\x20-\\x7E]"", """")).toEpochMilli() - Instant.parse(change_old.replaceAll(""[^\\x20-\\x7E]"", """")).toEpochMilli() ) > 5000)
            
        )
;",
CU108_Control_de_habilitación_de_servicio_SSH_en_ESXi,S_OPERATIVOS,VmWare Esxi,P.Interna,Detección de evento de habilitación de acceso mediante SSH a los servidores ESXi.,,CU108_Control_de_habilitación_de_servicio_SSH_en_ESXi,ICBC-NOVA,Actor de interés: alias.host,Producción,,2024-08-12,"T1021.004 - SSH, T1133 - External Remote Services",,D3-APCA - Application Protocol Command Analysis; D3-CSPP - Client-server Payload Profiling; D3-NTCD - Network Traffic Community Deviation; D3-NTSA - Network Traffic Signature Analysis; D3-PHDURA - Per Host Download-Upload Ratio Analysis; D3-PMAD - Protocol Metadata Anomaly Detection; D3-RTSD - Remote Terminal Session Detection; D3-UBA - User Behavior Analysis; D3-UGLPA - User Geolocation Logon Pattern Analysis,High,IRT,,,,Si,,,"/*
	This basic template is a placeholder for defining basic EPL content that can be
	installed and executed in ESA. The sample below is the minimum that would be 
	required to get started.
	
	Version:  4.0
*/


/*
Module debug section. If this is empty then debugging is off.
*/

/* EPL section. If there is no text here it means there were no statements. */

    module Module_66acd3ff45ce94c153a25bb4;
	


		
        
        @Name('Module_66acd3ff45ce94c153a25bb4_Alert')
        @Description('Detecta cuando se habilita el acceso mediante SSH a un host VmWare Esxi')
        @RSAAlert(oneInSeconds=0)

        SELECT * FROM Event(
            /* Statement: SSH detection */
            (device_type IN ( 'vmware_esx_esxi' ) AND event_desc LIKE 'SSH for the host%')
            
        )
        
        
        
        ;",Detecta cuando se habilita el acceso mediante SSH a un host VmWare Esxi
CU109_Unauthorized _modification_authorized_keys _file,PAM,PowerBroker,P.Interna,Detectar modificaciones en el archivo authorized_keys por un usurio no autorizado (posee una lista de excepcion),,CU109_Unauthorized _modification_authorized_keys _file,ICBC-NOVA,Meta: process,Producción,,2024-08-28,"T1098 - Account Manipulation, T1098.004 - SSH Authorized Keys",,,High,IRT,,pbfiles,,Si,,,"module Module_66c4dcf5e4b02b0ffc501cf8;
        @Name('Posible modificacion de archivo authorized_keys')
        @Description('Modificar este archivo permite al atacante mantener el acceso remoto al equipo de la victima mediante el uso de una llave publica como metodo de autenticacion')
        @RSAAlert(oneInSeconds=0)
        @UsesEnrichment(name=""authorized_keys_blacklist"")

        SELECT * FROM Event(
            /* Statement: pbfiles */
            (device_type.toLowerCase() IN ( 'pbfiles' )
            AND (process.toLowerCase() NOT LIKE ""%cat%"" AND process.toLowerCase() NOT LIKE ""%less%"" AND process.toLowerCase() NOT LIKE ""%more%"")
            AND process.toLowerCase() LIKE '%authorized_keys%')
            AND user_src IN (SELECT usuarios FROM authorized_keys_blacklist)
            

        )
;",
CU110_Unauthorized_user_with_DCSYNC_permission,AD,WINDOWS,P.Interna,detectar un posible ataque DCSYNC que consiste en el intento de los atacantes de replicar data de domain controllers,Manual,CU110_Unauthorized_user_with_DCSYNC_permission,NOVA,"Actor de interes reference.id '4662', accessmask.fld '0x100'",Producción,,2024-09-02,"T1003.006 - DCSync, T1078 - Valid Accounts, T1548 - Abuse Elevation Control Mechanism",,D3-AEM - Application Exception Monitoring; D3-ANAA - Administrative Network Activity Analysis; D3-APCA - Application Protocol Command Analysis; D3-APM - Application Performance Monitoring; D3-CAA - Connection Attempt Analysis; D3-CSPP - Client-server Payload Profiling; D3-NTCD - Network Traffic Community Deviation; D3-NTSA - Network Traffic Signature Analysis; D3-OPM - Operational Process Monitoring; D3-PHDURA - Per Host Download-Upload Ratio Analysis; D3-PM - Platform Monitoring; D3-PMAD - Protocol Metadata Anomaly Detection; D3-RTSD - Remote Terminal Session Detection; D3-UBA - User Behavior Analysis; D3-UGLPA - User Geolocation Logon Pattern Analysis,High,IRT,,winevent_nic,,Si,,,"module CU110_Unauthorized_user_with_DCSYNC_permission;

@Name('CU110_Unauthorized_user_with_DCSYNC_permission_Alert')
@Description('Detecta asignaciones de permisos DCSync (replicación de directorio) a cuentas no autorizadas en Active Directory. Esto podría permitir a un atacante replicar información sensible del dominio. Técnica asociada a MITRE ATT&CK T1003.006 (OS Credential Dumping: DCSync).')

@RSAAlert(oneInSeconds=0)

SELECT * FROM Event(
    (device_type.toLowerCase() IN ('winevent_nic') 
    AND reference_id.toLowerCase() IN ('4662') 
    AND properties_fld.toLowerCase() IN ('1131f6aa-9c07-11d1-f79f-00c04fc2dcd2', '1131f6ad-9c07-11d1-f79f-00c04fc2dcd2', '89e95b76-444d-4c62-991a-0facbeda640c') 
    AND accessmask_fld.toLowerCase() IN ('0x100') 
    AND (user_dst.toLowerCase() NOT LIKE 'arpads%$' AND user_dst.toLowerCase() NOT IN ('gpoadm','svccondeco','tenableadp')))
);",Detecta asignaciones de permisos DCSync (replicación de directorio) a cuentas no autorizadas en Active Directory. Esto podría permitir a un atacante replicar información sensible del dominio. Técnica asociada a MITRE ATT&CK T1003.006 (OS Credential Dumping: DCSync).
CU111_Vulnerability_VMware_ESXi,AD,WINDOWS,P.Interna,Detectar cuando un usuario es agregado al grupo 'esx admins',,CU111_Vulnerability_VMware_ESXi,ICBC,grupo 'esx admins',Producción,,2024-08-21,"T1069.001 - Local Groups, T1098 - Account Manipulation, T1484 - Domain or Tenant Policy Modification, T1548 - Abuse Elevation Control Mechanism",,,Critical,IRT,,,,Si,,,"module CU111_Vulnerabilidad_VMware_ESXi;

@Name('CU111_Vulnerabilidad_VMware_ESXi_Alert')
@RSAAlert(oneInSeconds=0)

SELECT * FROM Event(
    device_type.toLowerCase() = 'winevent_nic'
    AND
    reference_id = '4728'
    AND
    isOneOfIgnoreCase(`group`,{ 'esx admins' })
)","action: global
title: 'Vulnerabilidad_VMware_ESXi '

status: Producción

description: 'Explotación VMware_ESXi'
author: SOC-ICBC_KC
date_testing: 2024/06/11
date_prod: 2024/09/02"
CU112_Suspicious_Regsvr32_Execution,AD,WINDOWS,P.Interna,"Detecta cuando se utiliza la herramienta de Windows regsvr32.exe con una posible DLL maliciosa enmascarada como archivo de imagen (jpg,png,etc), archivo .dat o algún otro archivo con extensión sospechosa, por ejemplo .tmp.",,CU112_Suspicious_Regsvr32_Execution,NOVA,process like '%regsvr32.exe%',Producción,,2024-09-30,T1218 - System Binary Proxy Execution,,,Critical,IRT,,,,Si,,,"module Suspicious_Regsvr32_Execution;

@Name('CU112_Suspicious_Regsvr32_Execution_Alert')
@RSAAlert(oneInSeconds=3600, identifiers={""event_computer"",""param""})
SELECT * FROM Event(
	device_type.toLowerCase() = 'winevent_nic'
	AND
	reference_id = '4688'
	AND
	process.toLowerCase() LIKE '%regsvr32.exe%'
	AND (
		matchLike(param,'%.jpg%')
		OR
		matchLike(param,'%.jpeg%')
		OR
		matchLike(param,'%.gif%')
		OR
		matchLike(param,'%.png%')
		OR
		matchLike(param,'%.ico%')
		OR
		matchLike(param,'%.bmp%')
		OR
		matchLike(param,'%.tif%')
		OR
		matchLike(param,'%.tiff%')
		OR
		matchLike(param,'%.eps%')
		OR
		matchLike(param,'%.raw%')
		OR
		matchLike(param,'%.cr2%')
		OR
		matchLike(param,'%.nef%')
		OR
		matchLike(param,'%.orf%')
		OR
		matchLike(param,'%.sr2%')
		OR
		matchLike(param,'%.dat%')
		OR
		matchLike(param,'%.tmp%')
	)
);","Detecta cuando se utiliza la herramienta de Windows regsvr32.exe con una posible DLL maliciosa enmascarada como archivo de imagen (jpg,png,etc), archivo .dat o algún otro archivo con extensión sospechosa, por ejemplo .tmp."
CU116_CITRIX_Massive_Brute_Force,CITRIX_ADC,CITRIX-NETSCALER,P.Perimetral,"Detectar ataques masivos de Brute Force sobre CITRIX, con el objetivo de evitar denegaciones de servicio.",,CU116_CITRIX_Massive_Brute_Force,ICBC,"Actor de interes user_dst, umbral 100 eventos en 5 minutos",Producción,,2024-01-02,T1110 - Brute Force,,,Critical,L2,,,,Si,,,"module CU116_CITRIX_Massive_Brute_Force;

@Name('[AUT][Public IP]CU116_CITRIX_Massive_Brute_Forcet')
@Description('xxx')
@RSAAlert(oneInSeconds=0)

SELECT * FROM Event(
        /* Login Failed */
        (
        (ip_src_type IS NULL OR ip_src_type.toLowerCase() NOT IN ('ip whitelist', 'whitelist', 'ip private'))
        AND
        device_type.toLowerCase() IN ( 'citrixns' )
        AND

        ec_theme.toLowerCase() IN ( 'authentication' )
        AND ec_outcome.toLowerCase() IN ( 'failure' )
        AND user_dst IS NOT NULL
        )

    )

.std:groupwin(device_type)
.win:time_length_batch(5 Minutes, 100)
GROUP BY device_type
HAVING COUNT(distinct country_src) >= 100;",
CU117_CITRIX_Single_Origin_Brute_Force,CITRIX_ADC,CITRIX-NETSCALER,P.Perimetral,Detectar ataques de fuerza bruta provenientes de un unico origen,,CU117_CITRIX_Single_Origin_Brute_Force,ICBC,"actor de interes ip_src, umbral 20 eventos en 5 minutos",Producción,2024-01-05,2025-01-21,T1110 - Brute Force,,,Medium,IRT,,citrixns,,Si,,,"module CU117_CITRIX_Single_Origin_Brute_Force;

@Name('[AUT][Public IP]CU117_CITRIX_Single_Origin_Brute_Force')

@RSAAlert(oneInSeconds=600, identifiers={ ""ip_src""})

SELECT * FROM Event(
        /* Login Failed */
        (
        (ip_src_type IS NULL OR ip_src_type.toLowerCase() NOT IN ('ip whitelist', 'whitelist', 'ip private'))
        AND
        device_type.toLowerCase() IN ( 'citrixns' )
        AND

        ec_theme.toLowerCase() IN ( 'authentication' )
        AND ec_outcome.toLowerCase() IN ( 'failure' )
        AND user_dst IS NOT NULL
        )

    )

.std:groupwin(ip_src)
.win:time_length_batch(5 Minutes, 20)
GROUP BY ip_src
HAVING COUNT(*) >= 20;","action: global
title: 'CU117_CITRIX_Single_Origin_Brute_Force '

status: Producción

description: 'Detectar ataques de fuerza bruta provenientes de un unico origen'
author: SOC-ICBC

Last_Update:"
CU119_AD_Modify_critics_groups,AD,WINDOWS,P.Interna,"Detectar si se agregan usuarios a grupos especificos de AD, con la intención de monitorear la inclusión de usuarios a grupos de seguridad",,CU119_AD_Modify_critics_groups,ICBC,"Actor de interes user_dst, umbral 1 evento",Producción,,2025-02-21,T1098 - Account Manipulation,,,Critical,L2,,winevent_nic,,Si,,,"module CUX119_Modify_critics_groups;

@Name('CU119_Modify_critics_groups_Alert')
@RSAAlert(oneInSeconds=0)

SELECT * FROM Event(
    device_type.toLowerCase() = 'winevent_nic'
    AND
    reference_id IN ('4728', '4732','4756')
    AND
    (user_dst.toLowerCase() NOT IN ( 'iam_ou_prod' ))
    AND
    isOneOfIgnoreCase(`group`, {'Domain Admins', 'Administrators Servers', 'Administrators Branches', 'Enterprise Admins', 'account operators' })
)","action: global
title: 'Modify_critics_groups''
id: de3279eb-6b12-4c1c-a657-da483ce9890c
status: testing 
description:  'Detectar si se agregan usuarios a grupos especificos de AD, con la intención de monitorear la inclusión de usuarios a grupos de seguridad'
author: SOC-ICBC
date: 21/05/2025"
CU121_CVE-2024-49113 Posible LDAP Nightmare Exploit,AD,WINDOWS,P.Interna,"detectar el CVE-2024-49113, identificada en Diciembre de 2024 y actualizada en Enero del presente año, permite a un atacante remoto no autenticado provocar una condición de denegación de servicio (DoS) al enviar solicitudes LDAP especialmente diseñadas, lo que puede resultar en la caída del servicio LDAP, afectando la autenticación y autorización dentro de la red, y causando interrupciones significativas en las operaciones",,CU121_CVE-2024-49113 Posible LDAP Nightmare Exploit,NOVA,,Producción,,2025-04-14,"T1499 - Endpoint Denial of Service, T1548.002 - Bypass User Account Control",,D3-DA - Dynamic Analysis; D3-EFA - Emulated File Analysis; D3-FCOA - File Content Analysis; D3-FCR - File Content Rules; D3-FH - File Hashing; D3-FIM - File Integrity Monitoring; D3-PM - Platform Monitoring; D3-SCA - System Call Analysis,Critical,IRT,,winevent_nic,,Si,,,"module Module_6793b58fe4b071aba0d1d3ef;  
@Name('[CU121_CVE-2024-49113 Posible LDAP Nightmare Exploit')
@Description('tags:
- attack.impact
- attack.t1499
- cve.2024-49113
- detection.emerging-threats
logsource:
product: windows
service: application
# warning: The &quot;data&quot; field used in the detection section is the container for the event data as a whole. You may have to adapt the rule for your backend accordingly
detection:
selection:
Provider_Name: &quot;Application Error&quot;
EventID: 1000
Data|contains|all:
    - &quot;lsass.exe&quot;
    - &quot;WLDAP32.dll&quot;')
@RSAAlert(oneInSeconds=60,identifiers={""event_computer""})

SELECT * FROM Event(
    /* Statement: windows */
    (device_type.toLowerCase() IN ( 'winevent_nic' ) AND reference_id IN ( '1000' ) AND event_source.toLowerCase() IN ( 'application error' ) AND event_desc.toLowerCase() LIKE '%lsass.exe%' AND event_desc.toLowerCase() LIKE '%wldap32.dll%')
)
;",
CU122_AD_User_Creation_Outside_IDM,AD,WINDOWS,P.Perimetral,"Detectar la creación de un usuario de dominio realizada por un administrador que no pertenezca al grupo administradores de accesos, excluyendo los usuarios de las workstations y administrador “iam_ou_prod”.",Manual,CU122_AD_User_Creation_Outside_IDM,ICBC,"Actores de interes reference.id '4720', user.dst =! 'iam_ou_prod'",Producción,,2025-03-18,T1136 - Create Account,,,High,L2,,winevent_nic,,Si,,,"@Name('Alerta - AD - Creación de Usuarios por fuera de IDM')
@RSAAlert(oneInSeconds=600, identifiers={""user_src""})

SELECT * FROM Event(
	device_type.toLowerCase() = 'winevent_nic'
	AND reference_id = '4720'
	AND ec_outcome.toLowerCase() = 'success' 
	AND user_dst.toLowerCase() != 'iam_ou_prod'
	AND user_src.toLowerCase() NOT LIKE '%$'
	AND user_dst.toLowerCase() NOT LIKE '%$'
	AND ((user_group IS NOT NULL
		AND 
		user_group.toLowerCase() !=  'role - information security operations – infrastructure')
		OR
		(user_group IS NULL))
	AND event_computer.toLowerCase() LIKE 'arpads%');","alertar la creación de un usuario de dominio realizada por un administrador que no pertenezca al grupo administradores de accesos, excluyendo los usuarios de las workstations y administrador “iam_ou_prod”."
CU123_AD_Object(group/user)_Assignment_to_Groups_Outside_IDM,AD,WINDOWS,P.Interna,"alertar la asignación a un grupo (excluyendo el grupo “gnavegacionsegura”) realizada por un usuario que no pertenezca al grupo administradores de accesos, excluyendo los usuarios de las workstations.",Manual,CU123_AD_Object(group/user)_Assignment_to_Groups_Outside_IDM,ICBC,"Actores de interes reference '4728', '4732', user.src , group",Producción,,2025-03-18,"T1068 - Exploitation for Privilege Escalation, T1098 - Account Manipulation",,D3-MBT - Memory Boundary Tracking; D3-OSM - Operating System Monitoring; D3-PCSV - Process Code Segment Verification; D3-PM - Platform Monitoring; D3-SSC - Shadow Stack Comparisons,High,L2,,winevent_nic,,Si,,,"module CU123AD_Object_Assignment_to_Groups_Outside_IDM;

@RSAPersist
create window UserCritic_123.win:time(12 hours) (eDate string, eDevice string, 
eMessage string, eAccount string, eDstHost string, eObjType string, 
eSrcUser string, eLogID string, eTime long);




@Name('LLenar la ventana de memoria UserCritic_123')
/* @Audit */
insert into UserCritic_123
	SELECT 	event_time_str as eDate, 
			device_type as eDevice,
			ec_activity as eMessage,
			pbps_macc as eAccount,
			CASE WHEN pbps_asset IS NULL THEN NULL ELSE pbps_asset END AS eDstHost,
			user_src as eSrcUser,
            time as eTime

 
FROM
    Event (
        medium = 32
        AND device_type.toLowerCase() = 'pbps'
        AND ec_activity.toLowerCase() = 'retrieve'
        AND obj_type IS NOT NULL
        AND log_session_id IS NOT NULL
        AND event_time_str IS NOT NULL	
    );




@Name('[CU123_AD_Object(group/user)_Assignment_to_Groups_Outside_IDM_alert')

@RSAAlert(oneInSeconds=600, identifiers={""user_src"",""`group`""})

SELECT * FROM Event(
	device_type.toLowerCase() = 'winevent_nic'
	AND reference_id IN ('4728','4732')
	AND ec_outcome.toLowerCase() = 'success'
	AND user_dst.toLowerCase() != 'iam_ou_prod'
	AND user_src.toLowerCase() NOT LIKE '%$'
	AND user_dst.toLowerCase() NOT LIKE '%$'
	AND user_src.toLowerCase() NOT LIKE '%laptop%'
	AND user_src.toLowerCase() NOT LIKE '%desktop%'
	AND user_src.toLowerCase() NOT LIKE '%cn=computers,dc=ardp,dc=local%'
        AND user_src.toLowerCase() NOT LIKE '%ou=servers%'
         AND (user_account IS NULL 
                  OR 
                  (user_account.toLowerCase() NOT LIKE '%server%'
                   AND 
                   user_account.toLowerCase() NOT LIKE '%computers%'))
	AND ((user_group IS NOT NULL
		AND
		user_group.toLowerCase() != 'role - information security operations – infrastructure')
		OR
		(user_group IS NULL))
	AND ((`group` IS NOT NULL
		AND
		isNotOneOfIgnoreCase(`group`,{'gnavegacionsegura'}))
		OR
		(`group` IS NULL))

	AND NOT EXISTS(select * from UserCritic_123
		where

		Event.user_dst.toLowerCase() = UserCritic_123.eAccount));","migración de controles.

Este control consiste en alertar la asignación a un grupo (excluyendo el grupo “gnavegacionsegura”) realizada por un usuario que no pertenezca al grupo administradores de accesos, excluyendo los usuarios de las workstations."
CU124_DC_SuspiciousActivity_EDR,ENDPOINTS,EDR,P.Interna,Detectar actividad anómale mediante EDR en los DC,,CU124_DC_SuspiciousActivity_EDR,ICBC,"Actores de interes device.host 'arpads', event.state 'new'",Producción,,2025-03-31,T1587.001 - Malware,,,Critical,L2,,trellix_edr,,Si,,,"module CU124_DC_SuspiciousActivity_EDR;
@Name('CU124_DC_SuspiciousActivity_EDR_Alert')
@Description('Detecta alertas de EDR en DC sin tener en cuenta severidad')
@RSAAlert(oneInSeconds=300, identifiers={ ""device_host""})
SELECT * FROM Event(
    device_type.toLowerCase() IN ('trellix_edr') 
    AND 
     device_host.toLowerCase() LIKE 'arpads%'
    AND
    event_state.toLowerCase() IN ( 'new' )
    AND
    isNotOneOfIgnoreCase(severity,{ 's1' })

);",
CU125_WinRegistry_UACPolicy_Access,AD,WINDOWS,P.Interna,"Detectar el uso de cmd.exe para ejecutar reg.exe con acceso a la clave de políticas del sistema (HKLM\\...\\Policies\\System), que se encuentra asociada a User Account Control",Manual,CU125_WinRegistry_UACPolicy_Access,NOVA,"user.dst, event.computer o device.host, device.ip",Producción,2025-03-07,2025-04-10,"T1012 - Query Registry, T1112 - Modify Registry, T1218 - System Binary Proxy Execution, T1547.001 - Registry Run Keys / Startup Folder, T1548 - Abuse Elevation Control Mechanism",,D3-DA - Dynamic Analysis; D3-EFA - Emulated File Analysis; D3-FCOA - File Content Analysis; D3-FCR - File Content Rules; D3-FH - File Hashing; D3-FIM - File Integrity Monitoring; D3-OSM - Operating System Monitoring; D3-PM - Platform Monitoring; D3-SCA - System Call Analysis; D3-SICA - System Init Config Analysis,High,IRT,,winevent_nic,,Si,,,"module CU125_WinRegistry_UACPolicy_Access;

@Name('CU125_WinRegistry_UACPolicy_Access')

@Description('Detecta el uso de cmd.exe para ejecutar reg.exe con acceso a la clave de políticas del sistema (HKLM\\...\\Policies\\System). Posible técnica de persistencia o evasión, asociada a MITRE ATT&CK T1112.')
@RSAAlert(oneInSeconds=0)

SELECT * FROM Event(
    device_type.toLowerCase() IN ( 'winevent_nic')
    AND reference_id = '4688'
    AND process.toLowerCase() IN ( 'c:\\windows\\system32\\cmd.exe' )
    AND matchRegex(param, '(?i).*hklm.*software.*microsoft.*windows.*currentversion.*policies.*system.*')
    
    
    
)",
CU126_AD_Critics_Users_logon_without_passwordsafe_request,AD,WINDOWS,P.Perimetral,Detecta inicios de sesión exitosos de cuentas criticas sin solicitud previa de contraseña en Password Safe,,CU126_AD_Critics_Users_logon_without_passwordsafe_request,ICBC,"Actores de interes user.role 'domain admins', ec.activity 'logon', ec.outcome 'success'",Producción,,2025-04-01,"T1078 - Valid Accounts, T1078.002 - Domain Accounts, T1556 - Modify Authentication Process, T1556.004 - Network Device Authentication",,D3-DAM - Domain Account Monitoring; D3-PLA - Process Lineage Analysis; D3-PSMD - Process Self-Modification Detection; D3-UBA - User Behavior Analysis,Critical,L2,,winevent_nic,,Si,,,"module CU126AD_Critics_Users_logon_without_passwordsafe_request;


@Name('CU126_AD_Critics_Users_logon_without_passwordsafe_request_alert')
@Description('Detecta inicios de sesión exitosos de cuentas críticas sin solicitud previa de contraseña en Password Safe. Asociado a MITRE ATT&CK: T1078, T1078.002, T1556, T1556.004')

@RSAAlert(oneInSeconds=600, identifiers={""user_dst"",""ip_src""})

SELECT * FROM Event(
    device_type.toLowerCase() = 'winevent_nic'
    AND reference_id = '4624'
    AND user_role IS NOT NULL
    AND user_role.toLowerCase() = 'domain admins'
    AND ec_activity.toLowerCase() = 'logon'
    AND ec_outcome.toLowerCase() = 'success'
    AND NOT (user_dst.toLowerCase() = 'gpoadm')
   AND ((ip_src IS NOT NULL) AND (ip_src NOT IN ( '10.214.141.202' , '10.214.133.13' )))
    AND NOT EXISTS (
        SELECT * FROM VentanaMemoriaPS
        WHERE VentanaMemoriaPS.eAccount.toLowerCase() = Event.user_dst.toLowerCase()
    )
)","Detectar inicios de sesión exitosos de cuentas críticas sin retiro previo de contraseña en Password Safe. Asociado a MITRE ATT&CK: T1078, T1078.002, T1556, T1556.004"
CU128_FW_Forbidden_Connections_From_DMZ,DMZ,DMZ,P.Interna,"Detecta conexiones aceptadas desde direcciones IP del rango DMZ (10.214.163.128/25) hacia puertos comúnmente asociados a administración remota o compartición de archivos (22, 3389, 445, etc.). Este tipo de actividad podría indicar movimientos laterales no autorizados o tareas de reconocimiento interno.",,CU128_FW_Forbidden_Connections_From_DMZ,ICBC,"Actores de interes ip.src.type 'ip_dmz', ip.dstport",Producción,,2025-03-28,"T1021 - Remote Services, T1046 - Network Service Discovery, T1071.001 - Web Protocols, T1133 - External Remote Services, T1189 - Drive-by Compromise, T1190 - Exploit Public-Facing Application",,D3-ACA - Active Certificate Analysis; D3-APCA - Application Protocol Command Analysis; D3-CA - Certificate Analysis; D3-CAA - Connection Attempt Analysis; D3-CSPP - Client-server Payload Profiling; D3-DQSA - Database Query String Analysis; D3-FCOA - File Content Analysis; D3-FCR - File Content Rules; D3-FH - File Hashing; D3-FIM - File Integrity Monitoring; D3-HD - Homoglyph Detection; D3-IAA - Identifier Activity Analysis; D3-ID - Identifier Analysis; D3-IRA - Identifier Reputation Analysis; D3-ISVA - Inbound Session Volume Analysis; D3-NTCD - Network Traffic Community Deviation; D3-NTSA - Network Traffic Signature Analysis; D3-PCA - Passive Certificate Analysis; D3-PHDURA - Per Host Download-Upload Ratio Analysis; D3-PM - Platform Monitoring; D3-PMAD - Protocol Metadata Anomaly Detection; D3-RPA - Relay Pattern Analysis; D3-RTSD - Remote Terminal Session Detection; D3-UA - URL Analysis; D3-UBA - User Behavior Analysis; D3-UGLPA - User Geolocation Logon Pattern Analysis; D3-URA - URL Reputation Analysis,Critical,L2,,,,Si,,,"module CU128_FW_Forbidden_Connections_From_DMZ;

@Name('CU128_FW_Forbidden_Connections_From_DMZ_alert')
@Description('Detectar conexiones aceptadas desde el segmento DMZ (10.214.163.128/25) hacia puertos sensibles en la red interna, lo cual puede indicar actividades de reconocimiento o movimiento lateral no autorizado.')
@RSAAlert(oneInSeconds=300, identifiers={ ""ip_src""})

SELECT * FROM Event(
    (isOneOfIgnoreCase(netname,{ 'dmz-web-servers src' }))
    AND ip_dstport IN ( 22,3389,137,138,21,20 )
    AND (isNotOneOfIgnoreCase(action,{ 'drop' })) 


)","Detecta conexiones aceptadas desde el segmento DMZ (10.214.163.128/25) hacia puertos sensibles en la red interna, lo cual puede indicar actividades de reconocimiento o movimiento lateral no autorizado.
T1046 – Network Service Scanning
T1021 – Remote Services
T1071.001 – Application Layer Protocol: Web Protocols"
CU130_GPOADM_Abnormal_Host_Logon,AD,WINDOWS,P.Interna,Detecta inicios de sesión o intentos de la cuenta GPOADMIN en sistemas que no están dentro del conjunto autorizado. Este comportamiento puede indicar uso indebido o compromiso de una cuenta de alto privilegio.,Manual,CU130_GPOADM_Abnormal_Host_Logon,ICBC,Actor de interes user.dst 'gpoadm',Producción,2025-04-01,2025-05-27,T1078 - Valid Accounts,,,Critical,L2,,winevent_nic,,Si,,,"module GPOADMIN_logon_from_unauthorized_host;

@Name('CUXXX_GPOADMIN_logon_from_unauthorized_host_alert')

@Description('Detecta intentos de inicios de sesión exitosos de la cuenta GPOADMIN en sistemas que no están dentro del conjunto autorizado')

@RSAAlert(oneInSeconds=300, identifiers={ ""host_src""})

SELECT * FROM Event(
    device_type.toLowerCase() = 'winevent_nic'
    AND user_dst.toLowerCase() = 'gpoadm'
    AND ec_activity.toLowerCase() = 'logon'

    
    AND host_src IS NOT NULL
    AND isNotOneOfIgnoreCase(host_src,{ 'arpapp313','-' })
)",Detecta intentos de inicios de sesión exitosos de la cuenta GPOADMIN en sistemas que no están dentro del conjunto autorizado. Este comportamiento puede indicar uso indebido o compromiso de una cuenta de alto privilegio.
CU132_File_Hash_Reputation_Analysis,ENDPOINTS,ANTIVIRUS,P.Interna,Detecta la ejecución de archivos con hash malicioso o desconocido según reputación,,CU132_File_Hash_Reputation_Analysis,ICBC,Actor de interes checksum,Producción,2025-05-30,2025-06-25,T1204 - User Execution,,,Medium,IRT,,,,Si,,,"module CU132_File_Hash_Reputation_Analysis;

@Name('CU132_File_Hash_Reputation_Analysis_Alert')
@Description('Detecta la ejecución de archivos con hash malicioso o desconocido según reputación, asociado a posibles actividades de malware.')
@RSAAlert(oneInSeconds=3600, identifiers={ ""checksum"" })

SELECT * FROM Event(

    checksum IS NOT NULL
    AND
    ioc_type IS NOT NULL)
;","D3-FHRA: File Hash Reputation Analysis
Descripción: Esta técnica se enfoca en la evaluación de la reputación de un archivo mediante su hash (por ejemplo, MD5, SHA1 o SHA256). Es utilizada para identificar archivos que puedan estar involucrados en actividades maliciosas, basándose en fuentes de inteligencia de amenazas que etiquetan estos hashes como maliciosos, sospechosos o desconocidos."
CU133_EPO_Malware_Propagation_MultiHost,ENDPOINTS,ANTIVIRUS,P.Interna,"Detecta propagación de malware cuando el mismo archivo malicioso es detectado en múltiples hosts en menos de 30 minutos, sin haber sido contenido",,CU133_EPO_Malware_Propagation_MultiHost,icbc,"Actor de interes checksum, 3 eventos, 30 minutos",Producción,2025-05-27,2025-08-20,"T1027 - Obfuscated Files or Information, T1070.004 - File Deletion, T1105 - Ingress Tool Transfer, T1486 - Data Encrypted for Impact, T1569.002 - Service Execution, T1570 - Lateral Tool Transfer",,D3-APCA - Application Protocol Command Analysis; D3-CAA - Connection Attempt Analysis; D3-CSPP - Client-server Payload Profiling; D3-FC - File Carving; D3-FCOA - File Content Analysis; D3-FCR - File Content Rules; D3-FH - File Hashing; D3-FIM - File Integrity Monitoring; D3-NTCD - Network Traffic Community Deviation; D3-NTSA - Network Traffic Signature Analysis; D3-PHDURA - Per Host Download-Upload Ratio Analysis; D3-PM - Platform Monitoring; D3-PMAD - Protocol Metadata Anomaly Detection; D3-RPA - Relay Pattern Analysis; D3-RTSD - Remote Terminal Session Detection; D3-UBA - User Behavior Analysis; D3-UGLPA - User Geolocation Logon Pattern Analysis,Critical,IRT,,,,Si,,,"module CU133_Malware_Propagation_MultiHost;

@Name('CU133_Malware_Propagation_MultiHost_Alert')
@Description('Detecta propagación de malware cuando el mismo archivo malicioso es detectado en múltiples hosts en menos de 30 minutos, sin haber sido contenido.')
@RSAAlert(oneInSeconds=0)

SELECT * FROM Event(
    device_type.toLowerCase() IN ('epolicy')
    AND severity_name.toLowerCase() IN ('high')
    AND threat_handled.toLowerCase() IN ('false')
    AND checksum IS NOT NULL

)
.std:groupwin(checksum)
.win:time_length_batch(30 minutes, 3)
GROUP BY checksum
HAVING count(distinct host_dst.firstOf()) > 2;","Detecta propagación de malware cuando el mismo archivo malicioso es detectado en múltiples hosts en menos de 30 minutos, sin haber sido contenido.
La agrupación y validación por checksum entraria de manera global dentro la tecnica defensiva System File Analysis (SFA),
de Mitre D3fend, dentro de la categoría Detect.

T1105 – Ingress Tool Transfer (transferencia del binario malicioso)

T1569.002 – Service Execution

T1027 – Obfuscated Files or Information

T1070.004 – File Deletion (si se complementa con eventos de borrado luego de la ejecución)"
CU134_Chroot_Command_Execution,S_OPERATIVOS,Linux,P.Interna,Finalidad: Alertar la ejecución del comando 'chroot' - CVE-2025-32463,,CU134_Chroot_Command_Execution,ICBC,"Actores de interes device.type, process",Producción,2025-07-17,2025-08-20,"T1059.004 - Unix Shell, T1202 - Indirect Command Execution",,,Critical,IRT,,,,Si,,,"module CU134_Chroot_Command_Execution;

@Name('CU134_Chroot_Command_Execution_Alert')
@Description('Detecta la ejecución del comando chroot en sistemas Unix/Linux o AIX, utilizado para cambiar la raíz del sistema de archivos. Puede indicar intentos de evasión, ocultamiento de artefactos o ejecución de comandos en entornos aislados. Mapeado a MITRE ATT&CK T1059.004 y T1202.')
@RSAAlert(oneInSeconds=1800, identifiers={""user_dst"",""alias_host""})

SELECT * FROM Event(
    (
        device_type.toLowerCase() = 'pbfiles'
        AND NOT (
            (isOneOfIgnoreCase(`group`,{ 'discover' }))
            AND (
                process.toLowerCase() LIKE '%chroot /opt/alation/alation%'
                OR
                process.toLowerCase() LIKE '%/usr/local/bin/pbrun discover chroot /opt/alation/alation /opt/alation/usr/sbin/nginx -v%'
                OR
                process.toLowerCase() LIKE '%/usr/local/bin/pbrun discover chroot /opt/alation/alation /opt/alation/env/bin/celery --version%'
                OR
                process.toLowerCase() LIKE '%/usr/local/bin/pbrun discover chroot /opt/alation/alation /usr/bin/redis-server --version%'
                OR
                process.toLowerCase() LIKE '%/usr/local/bin/pbrun discover chroot /opt/alation/alation /usr/pgsql-16/bin/pg_config --version%'
                OR
                process.toLowerCase() LIKE '%/usr/local/bin/pbrun discover chroot /opt/alation/alation /usr/pgsql-16/bin/pg_config --version%'
                OR
                process.toLowerCase() LIKE '%/usr/local/bin/pbrun discover chroot /opt/alation/alation /usr/pgsql-16/bin/pg_controldata /var/lib/pgsql/16/data%'
                OR
                process.toLowerCase() LIKE '%/usr/local/bin/pbrun discover chroot /opt/alation/alation /usr/pgsql-16/bin/postgres --version%'
                OR
                process.toLowerCase() LIKE '%/usr/local/bin/pbrun discover chroot /opt/alation/alation strings /usr/pgsql-16/bin/postgres%'
                OR
                process.toLowerCase() LIKE '%/usr/local/bin/pbrun discover chroot /opt/alation/alation /usr/sbin/nginx -v%'

            )
        )
        AND process.toLowerCase() LIKE '%chroot%'
    )

    OR

    (
        device_type.toLowerCase() IN ('rhlinux', 'aix')
        AND client.toLowerCase() = 'chroot'
        AND action IS NOT NULL
    )
)","Detecta la ejecución del comando chroot en sistemas Unix/Linux o AIX, utilizado para cambiar la raíz del sistema de archivos. Puede indicar intentos de evasión, ocultamiento de artefactos o ejecución de comandos en entornos aislados. 
Se alinea con la técnica Process Analysis D3-PA que se basa en el análisis de procesos.
Mapeado a MITRE ATT&CK T1059.004 y T1202."
CU135_Weblogic_exploit,N. DETECTION,NDR,P.Interna,Detectar posible intento de explotacion de Weblogic,,CU135_Weblogic_exploit,ICBC,,Producción,2025-09-30,2025-09-30,"T1059 - Command and Scripting Interpreter, T1059.004 - Unix Shell, T1105 - Ingress Tool Transfer, T1190 - Exploit Public-Facing Application",,D3-APCA - Application Protocol Command Analysis; D3-CSPP - Client-server Payload Profiling; D3-DA - Dynamic Analysis; D3-DQSA - Database Query String Analysis; D3-EFA - Emulated File Analysis; D3-FCOA - File Content Analysis; D3-FCR - File Content Rules; D3-FH - File Hashing; D3-FIM - File Integrity Monitoring; D3-ISVA - Inbound Session Volume Analysis; D3-NTCD - Network Traffic Community Deviation; D3-NTSA - Network Traffic Signature Analysis; D3-PHDURA - Per Host Download-Upload Ratio Analysis; D3-PM - Platform Monitoring; D3-PMAD - Protocol Metadata Anomaly Detection; D3-RPA - Relay Pattern Analysis; D3-RTSD - Remote Terminal Session Detection; D3-UBA - User Behavior Analysis; D3-UGLPA - User Geolocation Logon Pattern Analysis,Critical,L2,,,,Si,,,"module CUxxx_Weblogic_exploit;


@Name('[TEST]CUxxx_Weblogic_exploit_Alert')

@Description('Detectar posible intento de explotacion de Weblogic')
@RSAAlert(oneInSeconds=3600, identifiers={ ""ip_dst""})

SELECT * FROM Event(

    device_type.toLowerCase() IN ( 'ndricbc' ) 
    AND (isOneOfIgnoreCase(threat_desc,{ 'psft wsrp lfi ssrf' })
        OR isOneOfIgnoreCase(threat_category,{ 'psft wsrp lfi ssrf' })
    )
)",
CU136_NDR_single_source_multiple_destination,VARIOS,NDR,P.Interna,"Detectar trafico proveniente desde un unico origen, hacia multiples destino.",,CU136_NDR_single_source_multiple_destination,ICBC,"actor de interes:ip.src, ip.dst",Producción,2025-09-24,2025-10-01,"T1018 - Remote System Discovery, T1021 - Remote Services, T1046 - Network Service Discovery, T1071 - Application Layer Protocol, T1595 - Active Scanning, T1595.001 - Scanning IP Blocks",,D3-ACA - Active Certificate Analysis; D3-APCA - Application Protocol Command Analysis; D3-CA - Certificate Analysis; D3-CAA - Connection Attempt Analysis; D3-CSPP - Client-server Payload Profiling; D3-FCOA - File Content Analysis; D3-FCR - File Content Rules; D3-FH - File Hashing; D3-FIM - File Integrity Monitoring; D3-NTCD - Network Traffic Community Deviation; D3-NTSA - Network Traffic Signature Analysis; D3-OSM - Operating System Monitoring; D3-PCA - Passive Certificate Analysis; D3-PHDURA - Per Host Download-Upload Ratio Analysis; D3-PM - Platform Monitoring; D3-PMAD - Protocol Metadata Anomaly Detection; D3-RPA - Relay Pattern Analysis; D3-RTSD - Remote Terminal Session Detection; D3-SBV - Service Binary Verification; D3-SCA - System Call Analysis; D3-SFA - System File Analysis; D3-UBA - User Behavior Analysis; D3-UGLPA - User Geolocation Logon Pattern Analysis,Medium,L2,,,,Si,,,"@Name('CU136_NDR_single_source_multiple_destination')
@Description('Detecta comportamientos anómalos en la red identificando una misma IP de origen que establece comunicaciones con múltiples destinos en un corto período de tiempo, lo que puede indicar actividades de exploración, movimiento lateral o propagación de malware dentro de la red interna, alineado a las técnicas MITRE ATT&CK T1046 (Network Service Scanning), T1021 (Remote Services) y T1071 (Application Layer Protocols).')
@RSAAlert(oneInSeconds=600, identifiers={""ip_src""})

SELECT * FROM Event(
    device_type.toLowerCase() = 'ndricbc'
    AND
    ip_src IS NOT NULL
    AND
    ip_dst IS NOT NULL
    AND
    (isNotOneOfIgnoreCase(direction,{ 'outbound' }))
    AND
    service_name.toLowerCase() NOT IN ( 'dns' )
    AND
    (isNotOneOfIgnoreCase(threat_category,{ 'port scan', 'generic_scan', 'udp_scan' }))
    AND
    (isOneOfIgnoreCase(host_state,{ 'attack successful','compromise'}))
)
.std:groupwin(ip_src)
.win:time_length_batch(10 Minutes, 50)
GROUP BY ip_src
HAVING COUNT(distinct ip_dst) >= 2","Detecta comportamientos anómalos en la red identificando una misma IP de origen que establece comunicaciones con múltiples destinos en un corto período de tiempo, lo que puede indicar actividades de exploración, movimiento lateral o propagación de malware dentro de la red interna, alineado a las técnicas MITRE ATT&CK T1046 (Network Service Scanning), T1021 (Remote Services) y T1071 (Application Layer Protocols)."
CU140_NDR_multiple_source_to_single_destination,N. DETECTION,NDR,P.Interna,Detecta trafico de multiples origenes a un unico destino,,CU140_NDR_multiple_source_to_single_destination,ICBC,,Producción,2025-10-08,2025-10-31,"T1021 - Remote Services, T1046 - Network Service Discovery, T1071 - Application Layer Protocol, T1595 - Active Scanning",,D3-ACA - Active Certificate Analysis; D3-APCA - Application Protocol Command Analysis; D3-CA - Certificate Analysis; D3-CAA - Connection Attempt Analysis; D3-CSPP - Client-server Payload Profiling; D3-FCOA - File Content Analysis; D3-FCR - File Content Rules; D3-FH - File Hashing; D3-FIM - File Integrity Monitoring; D3-NTCD - Network Traffic Community Deviation; D3-NTSA - Network Traffic Signature Analysis; D3-PCA - Passive Certificate Analysis; D3-PHDURA - Per Host Download-Upload Ratio Analysis; D3-PM - Platform Monitoring; D3-PMAD - Protocol Metadata Anomaly Detection; D3-RPA - Relay Pattern Analysis; D3-RTSD - Remote Terminal Session Detection; D3-UBA - User Behavior Analysis; D3-UGLPA - User Geolocation Logon Pattern Analysis,High,,,ndricbc,,Si,,,"module CU140_NDR_multiple_source_to_single_destination;

@Name('CU140_NDR_multiple_source_to_single_destination')
@Description('Detecta múltiples IPs de origen estableciendo conexiones hacia un mismo destino en un corto período de tiempo. Esta actividad puede indicar escaneos distribuidos, ataques DoS o propagación lateral de malware. Relacionado a MITRE ATT&CK: T1046, T1021 y T1071.')
@RSAAlert(oneInSeconds=600, identifiers={""ip_dst""})

SELECT * FROM Event(
    device_type.toLowerCase() = 'ndricbc'
    AND ip_src IS NOT NULL
    AND ip_dst IS NOT NULL
    AND (isNotOneOfIgnoreCase(direction,{ 'outbound' }))
    AND service_name.toLowerCase() NOT IN ( 'dns' )
    AND (isNotOneOfIgnoreCase(threat_category,{ 'port scan', 'generic_scan', 'udp_scan' }))
    AND (isOneOfIgnoreCase(host_state,{ 'attack successful','compromise'}))
)
.std:groupwin(ip_dst)
.win:time_length_batch(10 Minutes, 50)
GROUP BY ip_dst
HAVING COUNT(distinct ip_src) >= 3;","Detecta múltiples IPs de origen estableciendo conexiones hacia un mismo destino en un corto período de tiempo. Esta actividad puede indicar escaneos distribuidos, ataques DoS o propagación lateral de malware. Relacionado a MITRE ATT&CK: T1046, T1021 y T1071."
CU141_NDR_Critical_Severity_Events_Detected,N. DETECTION,NDR,P.Interna,Detecta eventos con severidad Critical.,,CU141_NDR_Critical_Severity_Events_Detected,ICBC,,Producción,2025-10-09,2025-10-30,"T1021 - Remote Services, T1046 - Network Service Discovery, T1190 - Exploit Public-Facing Application",,D3-APCA - Application Protocol Command Analysis; D3-CAA - Connection Attempt Analysis; D3-CSPP - Client-server Payload Profiling; D3-DQSA - Database Query String Analysis; D3-ISVA - Inbound Session Volume Analysis; D3-NTCD - Network Traffic Community Deviation; D3-NTSA - Network Traffic Signature Analysis; D3-PHDURA - Per Host Download-Upload Ratio Analysis; D3-PMAD - Protocol Metadata Anomaly Detection; D3-RTSD - Remote Terminal Session Detection; D3-UBA - User Behavior Analysis; D3-UGLPA - User Geolocation Logon Pattern Analysis,High,L2,,,,Si,,,"module CU141_NDR_Critical_Severity_Events_Detected;

@Name('CU141_NDR_Critical_Severity_Events_Detected')
@Description('Detecta eventos con severidad Critical.')
@RSAAlert(oneInSeconds=300, identifiers={ ""ip_src""})

SELECT * FROM Event(
    device_type.toLowerCase() = 'ndricbc'
    AND 
    (isOneOfIgnoreCase(severity,{ 'critical' }))
    AND
    (service_name.toLowerCase() NOT IN ( 'dns' ))
    AND (isOneOfIgnoreCase(host_state,{ 'attack successful','compromise'}))
)","Detecta eventos de severidad Critical generados por el NDR, excluyendo tráfico DNS. Estos eventos suelen estar asociados a actividades maliciosas confirmadas, como explotación de vulnerabilidades o movimiento lateral, y pueden estar vinculados a técnicas MITRE ATT&CK como T1190 (Exploit Public-Facing Application), T1021 (Remote Services) o T1046 (Network Service Scanning) según el contexto del tráfico observado."
CU142_NDR_detection_in_DCs,N. DETECTION,NDR,P.Interna,"El objetivo es filtrar actividades específicas en controladores de dominio que no estén relacionadas con el servicio DNS, para detectar comportamientos anómalos o no esperados en estos sistemas críticos.",,CU142_NDR_detection_in_DCs,ICBC,,Producción,2025-10-09,2020-10-10,T1548.002 - Bypass User Account Control,,D3-DA - Dynamic Analysis; D3-EFA - Emulated File Analysis; D3-FCOA - File Content Analysis; D3-FCR - File Content Rules; D3-FH - File Hashing; D3-FIM - File Integrity Monitoring; D3-PM - Platform Monitoring; D3-SCA - System Call Analysis,High,L2,,,,Si,,,"module CU142_NDR_multiple_source_to_single_destination;

@Name('CU142_NDR_detection_in_DCs')
@Description('Detectar actividades específicas en controladores de dominio para determinar comportamientos anómalos o no esperados en estos sistemas críticos mediante el NDR.')
@RSAAlert(oneInSeconds=600, identifiers={""ip_dst""})

SELECT * FROM Event(
    device_type.toLowerCase() = 'ndricbc'
    AND
    service_name.toLowerCase() NOT IN ( 'dns' )
    AND
    device_ip_desc.toLowerCase() IN ( 'domain controller' )
    AND 
    (isOneOfIgnoreCase(host_state,{ 'attack successful','compromise'}))
)",Detectar actividades específicas en controladores de dominio para determinar comportamientos anómalos o no esperados en estos sistemas críticos mediante el NDR.
CU143_NDR_StransIPv4Connections_withIOCs,N. DETECTION,NDR,P.Interna,Detección de conexiones stransipv4 con IOCs,,CU143_NDR_StransIPv4Connections_withIOCs,ICBC,,Producción,,2025-10-31,T1071 - Application Layer Protocol,,D3-ACA - Active Certificate Analysis; D3-APCA - Application Protocol Command Analysis; D3-CA - Certificate Analysis; D3-CSPP - Client-server Payload Profiling; D3-FCOA - File Content Analysis; D3-FCR - File Content Rules; D3-FH - File Hashing; D3-FIM - File Integrity Monitoring; D3-NTCD - Network Traffic Community Deviation; D3-NTSA - Network Traffic Signature Analysis; D3-PCA - Passive Certificate Analysis; D3-PHDURA - Per Host Download-Upload Ratio Analysis; D3-PM - Platform Monitoring; D3-PMAD - Protocol Metadata Anomaly Detection; D3-RPA - Relay Pattern Analysis; D3-RTSD - Remote Terminal Session Detection; D3-UBA - User Behavior Analysis; D3-UGLPA - User Geolocation Logon Pattern Analysis,High,L2,,,,Si,,,"module CU143_NDR_StransIPv4Connections_withIOCs;
@Name('CU143_NDR_StransIPv4Connections_withIOCs')
@Description('Detección de conexiones stransipv4 con IOCs')
@RSAAlert(oneInSeconds=600, identifiers={""stransipv4""})
SELECT * FROM Event(
    (device_type.toLowerCase() IN ( 'ndricbc' ))
    AND
    (stransipv4 IS NOT NULL)
    AND
    (stransipv4_type IS NOT NULL)
    AND
    (service_name.toLowerCase() NOT IN ( 'dns' ))
    AND 
    (isOneOfIgnoreCase(host_state,{ 'attack successful','compromise'}))
)",
CU144_AV_Alert_SeverityHigh_ByLocalUserAdministrator,ENDPOINTS,ANTIVIRUS,P.Interna,"Detecta eventos del EPO con severidad S1, donde el usuario tiene privilegios de administrador local de su equipo.Indicando evasión de defensas y/o ejecucion de comandos, procesos maliciosos.",,CU144_AV_Alert_SeverityHigh_ByLocalUserAdministrator,ICBC,,Producción,2025-10-13,2025-11-10,T1685 - Disable or Modify Tools,,,High,IRT,,,,Si,,,"module CU144_AV_Alert_SeverityHigh_ByLocalUserAdministrator;

@Name('CU144_AV_Mutiples_Alerts_SeverityHigh_ByLocalUserAdministrator')
@Description('Detecta eventos del EPO con severidad High, donde el usuario tiene privilegios de administrador local de su equipo.')
@RSAAlert(oneInSeconds=3600, identifiers={""user_src"", ""host_dst""})

SELECT * FROM Event(
    device_type.toLowerCase() IN ( 'epolicy' )
    AND
    (isOneOfIgnoreCase(severity,{ '1' }))
    AND
    host_dst IS NOT NULL
    AND
    (isOneOfIgnoreCase(context,{ 'local user administrator' }))
    AND 
    threat_handled.toLowerCase() IN ( 'false' )
)","Detecta eventos del EPO con severidad High, donde el usuario tiene privilegios de administrador local de su equipo.
Indicando evasión de defensas y/o ejecucion de comandos, procesos maliciosos.
MITRE TA0005; MITRE TA0002.
D3fend: D3-PA."
CU145_EDR_Alert_S4_ByLocalUserAdministrator,ENDPOINTS,EDR,P.Interna,"Detecta eventos del EDR con severidad S4, donde el usuario tiene privilegios de administrador local de su equipo.
 Indicando evasión de defensas y/o ejecucion de comandos, procesos maliciosos.",,CU145_EDR_Alert_S4_ByLocalUserAdministrator,ICBC,device.host,Producción,,2025-12-03,T1204.002 - Malicious File,,D3-DA - Dynamic Analysis; D3-EFA - Emulated File Analysis; D3-FCOA - File Content Analysis; D3-FCR - File Content Rules; D3-FH - File Hashing; D3-FIM - File Integrity Monitoring; D3-PM - Platform Monitoring,High,IRT,,,,Si,,,"module CU145_EDR_Alert_S4_ByLocalUserAdministrator;

@Name('CU145_EDR_Alert_S4_ByLocalUserAdministrator')
@Description('Detecta eventos del EDR con severidad S4, donde el usuario tiene privilegios de administrador local de su equipo.')
@RSAAlert(oneInSeconds=3600, identifiers={""device_host""})

SELECT * FROM Event(
    device_type.toLowerCase() IN ( 'trellix_edr' )
    AND
    isOneOfIgnoreCase(severity,{'s4'})
    AND
    device_host IS NOT NULL
    AND
    event_state.toLowerCase() IN ( 'new' )
    AND
    (isOneOfIgnoreCase(context,{ 'local user administrator' }))
);","Detecta eventos del EDR con severidad S4, donde el usuario tiene privilegios de administrador local de su equipo.
Indicando evasión de defensas y/o ejecucion de comandos, procesos maliciosos.
MITRE TA0005; MITRE TA0002.
D3fend: D3-PA."
CU146_Proxy_WebActivity_UserGenerics_IOC,WEB,PROXY,P.Perimetral,Detectar eventos de navegación a traves del proxy desde cuentas de usuario genéricas hacia destinos catalogados como IOCs.,,CU146_Proxy_WebActivity_UserGenerics_IOC,ICBC,,Producción,2025-11-26,2026-01-27,"T1071 - Application Layer Protocol, T1071.001 - Web Protocols, T1078 - Valid Accounts",,D3-ACA - Active Certificate Analysis; D3-APCA - Application Protocol Command Analysis; D3-CA - Certificate Analysis; D3-CSPP - Client-server Payload Profiling; D3-FCOA - File Content Analysis; D3-FCR - File Content Rules; D3-FH - File Hashing; D3-FIM - File Integrity Monitoring; D3-NTCD - Network Traffic Community Deviation; D3-NTSA - Network Traffic Signature Analysis; D3-PCA - Passive Certificate Analysis; D3-PHDURA - Per Host Download-Upload Ratio Analysis; D3-PM - Platform Monitoring; D3-PMAD - Protocol Metadata Anomaly Detection; D3-RPA - Relay Pattern Analysis; D3-RTSD - Remote Terminal Session Detection; D3-UBA - User Behavior Analysis; D3-UGLPA - User Geolocation Logon Pattern Analysis,Medium,IRT,,cacheflowelff,,Si,,,"module CU146_Proxy_WebActivity_UserGenerics_IOC;

@Name('CU146_Proxy_WebActivity_UserGenerics_IOC')
@Description('Detectar eventos de navegación a traves del proxy desde cuentas de usuario genéricas hacia destinos catalogados como IOCs')
@RSAAlert(oneInSeconds=300, identifiers={ ""user_dst""})

SELECT * FROM Event(
device_type.toLowerCase() = 'cacheflowelff'
AND (ip_dst_type IS NULL OR ip_dst_type.toLowerCase() NOT IN ('ip whitelist', 'whitelist','ip private'))
AND (isOneOfIgnoreCase(context,{ 'generic_user' }))
AND ioc IS NOT NULL
AND user_dst IS NOT NULL
)",
CU147_AD_User_Enumeration,AD,WINDOWS,P.Interna,"La regla detecta actividades de enumeración de usuarios en Active Directory, identificadas mediante múltiples intentos de autenticación fallidos con el código 0xC0000064 (usuario inexistente).",,CU147_AD_User_Enumeration,ICBC,"host de origen, user.dst",Producción,2026-02-11,2026-02-25,"T1087 - Account Discovery, T1087.002 - Domain Account",,D3-DAM - Domain Account Monitoring; D3-UBA - User Behavior Analysis,High,IRT,,winevent_nic,,Si,,,"module CU147_AD_User_Enumeration;

@Name('CU147_A_AD_User_Enumeration_Distributed')
@Description('DC: reference.id=4625. Mismo user_dst -> host_src distintos >=10  en 10 minutos.')
@RSAAlert(oneInSeconds=1800, identifiers={""user_dst""})
SELECT * FROM Event(
    device_type.toLowerCase() = 'winevent_nic'
    AND reference_id = '4625'
    AND device_host IS NOT NULL
    AND device_host.toLowerCase() LIKE 'arpads%'
    AND ec_activity.toLowerCase() = 'logon'
    AND ec_theme.toLowerCase() = 'authentication'
    AND ec_outcome.toLowerCase() = 'failure'
    AND user_dst IS NOT NULL
    AND user_dst NOT LIKE '%$%'
    AND host_src IS NOT NULL
    AND result_code IS NOT NULL
    AND isOneOfIgnoreCase(context,{ '0xc0000064' })
    AND (ip_src NOT IN ( '10.214.144.77' ))
)
.win:time_length_batch(10 minutes, 20)
GROUP BY user_dst
HAVING COUNT(DISTINCT host_src) >= 10;

@Name('CU147_B_AD_Lateral_User_Enumeration')
@Description('User enumeration general DC: reference.id=4625. Mismo host_src -> user_dst distintos >=10 en 10minutos.')
@RSAAlert(oneInSeconds=1800, identifiers={""host_src""})
SELECT * FROM Event(
    device_type.toLowerCase() = 'winevent_nic'
    AND reference_id = '4625'
    AND device_host IS NOT NULL
    AND ec_activity.toLowerCase() = 'logon'
    AND ec_theme.toLowerCase() = 'authentication'
    AND ec_outcome.toLowerCase() = 'failure'
    AND user_dst IS NOT NULL
    AND user_dst NOT LIKE '%$%'
    AND host_src IS NOT NULL
    AND result_code IS NOT NULL
    AND isOneOfIgnoreCase(context,{ '0xc0000064' })
    AND ip_src_desc.toLowerCase() NOT IN ( 'nexpose scanner icbc' )
    AND (ip_src NOT IN ( '10.214.144.77' ))
)
.win:time_length_batch(10 minutes, 20)
GROUP BY host_src
HAVING COUNT(DISTINCT user_dst) >= 10;","Detectar :
A: User Enumeration Distributed - Mismo user_dst -> distintos host.src
B: User Enumeration general - Mismo host.src -> distintos user_dst
- NTLM User Enumeration
- Reference_id: 4625
- 0xc0000064 (User name does not exist // USER_NOT_FOUND)"
CU148_IAM_OU_PROD_Abnormal_Host_Logon,AD,WINDOWS,P.Interna,Detecta intentos de inicios de sesión exitosos de la cuenta iam_ou_prod en sistemas que no están dentro del conjunto autorizado.,,CU148_IAM_OU_PROD_Abnormal_Host_Logon,ICBC,"user.dst, host.src",Producción,2026-03-03,2026-03-19,T1078 - Valid Accounts,,,Critical,IRT,,winevent_nic,,Si,,,"@Name('CU148_IAM_OU_PROD_Abnormal_Host_Logon')

@Description('Detecta intentos de inicios de sesión exitosos de la cuenta iam_ou_prod en sistemas que no están dentro del conjunto autorizado')

@RSAAlert(oneInSeconds=300, identifiers={ ""host_src""})

SELECT * FROM Event(
    device_type.toLowerCase() = 'winevent_nic'
    AND user_dst.toLowerCase() = 'iam_ou_prod'
    AND ec_activity.toLowerCase() = 'logon'
    AND host_src IS NOT NULL
    AND isNotOneOfIgnoreCase(host_src,{ 'pv1pwinapp0036','pv1pwinapp0037','ardp','-' })
    AND device_group.toLowerCase() NOT IN ( 'windows_dc' )
)","Detecta intentos de inicios de sesión exitosos de la cuenta iam_ou_prod en sistemas que no están dentro del conjunto autorizado.
Conjunto:
- DC
- pv1pwinapp0036, pv1pwinapp0037"
CU149_NDR_port_scan,N. DETECTION,NDR,P.Interna,Detectar escaneos con intenciones de reconocimiento desde 1 origen hacia al menos 5 destinos internos.,,CU149_NDR_port_scan,ICBC,"ip.dst, ip.src",Producción,,2026-04-22,T1046 - Network Service Discovery,,,High,IRT,,ndricbc,,Si,,,"module CU149_NDR_port_scan;

@Name('CU149_NDR_port_scan')
@Description('Detección de escaneo con intenciones de reconocimiento desde 1 origen hacia al menos 5 destinos internos, mediante NDR')
@RSAAlert(oneInSeconds=1800, identifiers={""ip_src""})
 
SELECT * FROM Event(
    device_type.toLowerCase() = 'ndricbc'
    AND ip_src IS NOT NULL
    AND ip_dst IS NOT NULL
    AND isNotOneOfIgnoreCase(direction, {'outbound'})
    AND isOneOfIgnoreCase(threat_desc,{ 'port scan' })
)
.win:time_length_batch(30 Minutes, 20)
GROUP BY ip_src
HAVING COUNT(DISTINCT ip_dst) >= 5;",Detectar scaneos con intenciones de reconocimiento desde 1 origen hacia al menos 5 destinos internos
CU150_Tenable_Alert,OTHERS,Tenable,P.Interna,Alertar cualquier otro tipo de alerta de tenable que no se trate de passwordguessing,,CU150_Tenable_Alert,ICBC,"ip.dst, ip.src, host.dst, host.src, user",Producción,,2026-05-20,T1548.002 - Bypass User Account Control,,D3-DA - Dynamic Analysis; D3-EFA - Emulated File Analysis; D3-FCOA - File Content Analysis; D3-FCR - File Content Rules; D3-FH - File Hashing; D3-FIM - File Integrity Monitoring; D3-PM - Platform Monitoring; D3-SCA - System Call Analysis,,,,,,Si,,,"module CUXXX_Tenable_Alert;

@Name('CUXXX_Tenable_Alert_Alert')
@Description('Alertar cualquier otro tipo de alerta de tenable que no se trate de password guessing')
@RSAAlert(oneInSeconds=0)

SELECT * FROM Event(

    (device_type.toLowerCase() IN ( 'tenable' )
    AND
    isNotOneOfIgnoreCase(threat_category,{ 'password guessing' }))

)",
